scenario,plant,work_center,tool_no_if_available,bottleneck_severity,top_driver_project_count,suggested_capacity_lever,explanation_note
all_in,NW14,P01_NW14_GRINDING_1,T-70494-A,critical,5,no_lever_available,"CRITICAL — fully overloaded: P01_NW14_GRINDING_1 peaks at 47719% utilisation, 1700783.4 overload hours total, driven by 5 pipeline project(s). No upside shift lever available — consider rerouting or rescheduling."
all_in,NW01,P01_NW01_GRINDING_1,T-70649-D,critical,2,no_lever_available,"CRITICAL — fully overloaded: P01_NW01_GRINDING_1 peaks at 44806% utilisation, 2438915.6 overload hours total, driven by 2 pipeline project(s). No upside shift lever available — consider rerouting or rescheduling."
all_in,NW11,P01_NW11_PRESS_1,T-70171-B,critical,2,no_lever_available,"CRITICAL — fully overloaded: P01_NW11_PRESS_1 peaks at 44015% utilisation, 2572235.3 overload hours total, driven by 2 pipeline project(s). No upside shift lever available — consider rerouting or rescheduling."
all_in,NW07,P01_NW07_ASSY_1,T-70261-D,critical,2,no_lever_available,"CRITICAL — fully overloaded: P01_NW07_ASSY_1 peaks at 42679% utilisation, 1535927.0 overload hours total, driven by 2 pipeline project(s). No upside shift lever available — consider rerouting or rescheduling."
all_in,NW08,P01_NW08_GRINDING_1,T-70065-C,critical,0,no_lever_available,"CRITICAL — fully overloaded: P01_NW08_GRINDING_1 peaks at 40149% utilisation, 1361160.5 overload hours total, driven by 0 pipeline project(s). No upside shift lever available — consider rerouting or rescheduling."
all_in,NW01,P01_NW01_PRESS_1,T-70377-B,critical,4,no_lever_available,"CRITICAL — fully overloaded: P01_NW01_PRESS_1 peaks at 39775% utilisation, 2312097.2 overload hours total, driven by 4 pipeline project(s). No upside shift lever available — consider rerouting or rescheduling."
all_in,NW13,P01_NW13_ASSY_1,T-70317-A,critical,2,no_lever_available,"CRITICAL — fully overloaded: P01_NW13_ASSY_1 peaks at 38677% utilisation, 1231826.6 overload hours total, driven by 2 pipeline project(s). No upside shift lever available — consider rerouting or rescheduling."
all_in,NW07,P01_NW07_PRESS_2,T-70154-B,critical,1,no_lever_available,"CRITICAL — fully overloaded: P01_NW07_PRESS_2 peaks at 38473% utilisation, 1458005.5 overload hours total, driven by 1 pipeline project(s). No upside shift lever available — consider rerouting or rescheduling."
all_in,NW08,P01_NW08_ASSY_1,T-70027-B,critical,5,no_lever_available,"CRITICAL — fully overloaded: P01_NW08_ASSY_1 peaks at 38413% utilisation, 1317618.8 overload hours total, driven by 5 pipeline project(s). No upside shift lever available — consider rerouting or rescheduling."
all_in,NW04,P01_NW04_PRESS_1,T-70130-A,critical,3,no_lever_available,"CRITICAL — fully overloaded: P01_NW04_PRESS_1 peaks at 37829% utilisation, 2390613.8 overload hours total, driven by 3 pipeline project(s). No upside shift lever available — consider rerouting or rescheduling."
all_in,NW06,P01_NW06_ASSY_1,T-70472-C,critical,1,no_lever_available,"CRITICAL — fully overloaded: P01_NW06_ASSY_1 peaks at 37407% utilisation, 1976074.8 overload hours total, driven by 1 pipeline project(s). No upside shift lever available — consider rerouting or rescheduling."
all_in,NW02,P01_NW02_ASSY_1,T-70649-D,critical,1,no_lever_available,"CRITICAL — fully overloaded: P01_NW02_ASSY_1 peaks at 36964% utilisation, 1306745.8 overload hours total, driven by 1 pipeline project(s). No upside shift lever available — consider rerouting or rescheduling."
all_in,NW10,P01_NW10_LATHE_1,T-70195-C,critical,1,no_lever_available,"CRITICAL — fully overloaded: P01_NW10_LATHE_1 peaks at 36629% utilisation, 1785719.2 overload hours total, driven by 1 pipeline project(s). No upside shift lever available — consider rerouting or rescheduling."
all_in,NW02,P01_NW02_PRESS_2,T-70268-C,critical,2,no_lever_available,"CRITICAL — fully overloaded: P01_NW02_PRESS_2 peaks at 36386% utilisation, 1354380.3 overload hours total, driven by 2 pipeline project(s). No upside shift lever available — consider rerouting or rescheduling."
all_in,NW05,P01_NW05_PRESS_1,T-70069-B,critical,1,no_lever_available,"CRITICAL — fully overloaded: P01_NW05_PRESS_1 peaks at 35985% utilisation, 1401485.1 overload hours total, driven by 1 pipeline project(s). No upside shift lever available — consider rerouting or rescheduling."
all_in,NW04,P01_NW04_ASSY_1,T-70271-D,critical,3,no_lever_available,"CRITICAL — fully overloaded: P01_NW04_ASSY_1 peaks at 34997% utilisation, 2125788.7 overload hours total, driven by 3 pipeline project(s). No upside shift lever available — consider rerouting or rescheduling."
all_in,NW01,P01_NW01_PRESS_2,T-70539-D,critical,1,no_lever_available,"CRITICAL — fully overloaded: P01_NW01_PRESS_2 peaks at 34164% utilisation, 1966243.0 overload hours total, driven by 1 pipeline project(s). No upside shift lever available — consider rerouting or rescheduling."
all_in,NW04,P01_NW04_PRESS_3,T-70655-D,critical,5,no_lever_available,"CRITICAL — fully overloaded: P01_NW04_PRESS_3 peaks at 33884% utilisation, 2192179.6 overload hours total, driven by 5 pipeline project(s). No upside shift lever available — consider rerouting or rescheduling."
all_in,NW06,P01_NW06_GRINDING_1,T-70510-B,critical,2,no_lever_available,"CRITICAL — fully overloaded: P01_NW06_GRINDING_1 peaks at 33779% utilisation, 1776366.1 overload hours total, driven by 2 pipeline project(s). No upside shift lever available — consider rerouting or rescheduling."
all_in,NW11,P01_NW11_ASSY_1,T-70628-D,critical,1,no_lever_available,"CRITICAL — fully overloaded: P01_NW11_ASSY_1 peaks at 33374% utilisation, 1858220.6 overload hours total, driven by 1 pipeline project(s). No upside shift lever available — consider rerouting or rescheduling."
all_in,NW10,P01_NW10_PRESS_1,T-70620-C,critical,1,no_lever_available,"CRITICAL — fully overloaded: P01_NW10_PRESS_1 peaks at 32838% utilisation, 1699614.5 overload hours total, driven by 1 pipeline project(s). No upside shift lever available — consider rerouting or rescheduling."
all_in,NW15,P01_NW15_GRINDING_1,T-70650-B,critical,2,no_lever_available,"CRITICAL — fully overloaded: P01_NW15_GRINDING_1 peaks at 32606% utilisation, 1804738.3 overload hours total, driven by 2 pipeline project(s). No upside shift lever available — consider rerouting or rescheduling."
all_in,NW07,P01_NW07_GRINDING_1,T-70434-C,critical,0,no_lever_available,"CRITICAL — fully overloaded: P01_NW07_GRINDING_1 peaks at 32562% utilisation, 1166718.9 overload hours total, driven by 0 pipeline project(s). No upside shift lever available — consider rerouting or rescheduling."
all_in,NW04,P01_NW04_GRINDING_1,T-70288-A,critical,5,no_lever_available,"CRITICAL — fully overloaded: P01_NW04_GRINDING_1 peaks at 32388% utilisation, 1975041.3 overload hours total, driven by 5 pipeline project(s). No upside shift lever available — consider rerouting or rescheduling."
all_in,NW11,P01_NW11_PRESS_2,T-70678-B,critical,6,no_lever_available,"CRITICAL — fully overloaded: P01_NW11_PRESS_2 peaks at 32234% utilisation, 1898029.1 overload hours total, driven by 6 pipeline project(s). No upside shift lever available — consider rerouting or rescheduling."
all_in,NW10,P01_NW10_ASSY_1,T-70340-B,critical,1,no_lever_available,"CRITICAL — fully overloaded: P01_NW10_ASSY_1 peaks at 31851% utilisation, 1549706.2 overload hours total, driven by 1 pipeline project(s). No upside shift lever available — consider rerouting or rescheduling."
all_in,NW03,P01_NW03_PRES_3_1,T-70416-C,critical,4,no_lever_available,"CRITICAL — fully overloaded: P01_NW03_PRES_3_1 peaks at 31818% utilisation, 1916578.3 overload hours total, driven by 4 pipeline project(s). No upside shift lever available — consider rerouting or rescheduling."
all_in,NW13,P01_NW13_PRESS_2,T-70314-A,critical,3,no_lever_available,"CRITICAL — fully overloaded: P01_NW13_PRESS_2 peaks at 31584% utilisation, 1077391.5 overload hours total, driven by 3 pipeline project(s). No upside shift lever available — consider rerouting or rescheduling."
all_in,NW09,P01_NW09_PRESS_3,T-70169-D,critical,2,no_lever_available,"CRITICAL — fully overloaded: P01_NW09_PRESS_3 peaks at 31465% utilisation, 1766641.0 overload hours total, driven by 2 pipeline project(s). No upside shift lever available — consider rerouting or rescheduling."
all_in,NW12,P01_NW12_PRESS_1,T-70309-D,critical,9,no_lever_available,"CRITICAL — fully overloaded: P01_NW12_PRESS_1 peaks at 30953% utilisation, 1016910.2 overload hours total, driven by 9 pipeline project(s). No upside shift lever available — consider rerouting or rescheduling."
all_in,NW03,P01_NW03_PRES_3_2,T-70601-B,critical,1,no_lever_available,"CRITICAL — fully overloaded: P01_NW03_PRES_3_2 peaks at 30779% utilisation, 1876733.5 overload hours total, driven by 1 pipeline project(s). No upside shift lever available — consider rerouting or rescheduling."
all_in,NW04,P01_NW04_PRESS_2,T-70282-D,critical,5,no_lever_available,"CRITICAL — fully overloaded: P01_NW04_PRESS_2 peaks at 30716% utilisation, 1961599.6 overload hours total, driven by 5 pipeline project(s). No upside shift lever available — consider rerouting or rescheduling."
all_in,NW02,P01_NW02_LATHE_1,T-70565-B,critical,3,no_lever_available,"CRITICAL — fully overloaded: P01_NW02_LATHE_1 peaks at 30682% utilisation, 1084965.3 overload hours total, driven by 3 pipeline project(s). No upside shift lever available — consider rerouting or rescheduling."
all_in,NW05,P01_NW05_ASSY_1,T-70479-A,critical,2,no_lever_available,"CRITICAL — fully overloaded: P01_NW05_ASSY_1 peaks at 30661% utilisation, 1133968.4 overload hours total, driven by 2 pipeline project(s). No upside shift lever available — consider rerouting or rescheduling."
all_in,NW01,P01_NW01_PRESS_4,T-70017-B,critical,3,no_lever_available,"CRITICAL — fully overloaded: P01_NW01_PRESS_4 peaks at 30562% utilisation, 1767440.4 overload hours total, driven by 3 pipeline project(s). No upside shift lever available — consider rerouting or rescheduling."
all_in,NW05,P01_NW05_PRESS_2,T-70194-A,critical,0,no_lever_available,"CRITICAL — fully overloaded: P01_NW05_PRESS_2 peaks at 30342% utilisation, 1190784.7 overload hours total, driven by 0 pipeline project(s). No upside shift lever available — consider rerouting or rescheduling."
all_in,NW14,P01_NW14_PRESS_1,T-70618-B,critical,3,no_lever_available,"CRITICAL — fully overloaded: P01_NW14_PRESS_1 peaks at 30333% utilisation, 1125579.3 overload hours total, driven by 3 pipeline project(s). No upside shift lever available — consider rerouting or rescheduling."
all_in,NW07,P01_NW07_PRESS_1,T-70024-D,critical,2,no_lever_available,"CRITICAL — fully overloaded: P01_NW07_PRESS_1 peaks at 29999% utilisation, 1137134.4 overload hours total, driven by 2 pipeline project(s). No upside shift lever available — consider rerouting or rescheduling."
all_in,NW05,P01_NW05_PRESS_3,T-70457-C,critical,2,no_lever_available,"CRITICAL — fully overloaded: P01_NW05_PRESS_3 peaks at 29011% utilisation, 1125728.2 overload hours total, driven by 2 pipeline project(s). No upside shift lever available — consider rerouting or rescheduling."
all_in,NW15,P01_NW15_ASSY_1,T-70112-B,critical,3,no_lever_available,"CRITICAL — fully overloaded: P01_NW15_ASSY_1 peaks at 28833% utilisation, 1615171.4 overload hours total, driven by 3 pipeline project(s). No upside shift lever available — consider rerouting or rescheduling."
all_in,NW06,P01_NW06_PRESS_1,T-70286-C,critical,2,no_lever_available,"CRITICAL — fully overloaded: P01_NW06_PRESS_1 peaks at 28497% utilisation, 1603308.7 overload hours total, driven by 2 pipeline project(s). No upside shift lever available — consider rerouting or rescheduling."
all_in,NW01,P01_NW01_ASSY_1,T-70039-B,critical,4,no_lever_available,"CRITICAL — fully overloaded: P01_NW01_ASSY_1 peaks at 28317% utilisation, 1548992.0 overload hours total, driven by 4 pipeline project(s). No upside shift lever available — consider rerouting or rescheduling."
all_in,NW02,P01_NW02_EXTRUSION_1,T-70378-D,critical,6,no_lever_available,"CRITICAL — fully overloaded: P01_NW02_EXTRUSION_1 peaks at 28172% utilisation, 998538.5 overload hours total, driven by 6 pipeline project(s). No upside shift lever available — consider rerouting or rescheduling."
all_in,NW06,P01_NW06_PRESS_2,T-70481-A,critical,3,no_lever_available,"CRITICAL — fully overloaded: P01_NW06_PRESS_2 peaks at 28152% utilisation, 1577024.4 overload hours total, driven by 3 pipeline project(s). No upside shift lever available — consider rerouting or rescheduling."
all_in,NW09,P01_NW09_PRESS_1,T-70091-B,critical,2,no_lever_available,"CRITICAL — fully overloaded: P01_NW09_PRESS_1 peaks at 28114% utilisation, 1554719.1 overload hours total, driven by 2 pipeline project(s). No upside shift lever available — consider rerouting or rescheduling."
all_in,NW12,P01_NW12_ASSY_1,T-70178-D,critical,3,no_lever_available,"CRITICAL — fully overloaded: P01_NW12_ASSY_1 peaks at 27845% utilisation, 858259.0 overload hours total, driven by 3 pipeline project(s). No upside shift lever available — consider rerouting or rescheduling."
all_in,NW03,P01_NW03_PRES_7_1,T-70607-A,critical,1,no_lever_available,"CRITICAL — fully overloaded: P01_NW03_PRES_7_1 peaks at 27701% utilisation, 1688983.0 overload hours total, driven by 1 pipeline project(s). No upside shift lever available — consider rerouting or rescheduling."
all_in,NW09,P01_NW09_GRINDING_1,T-70306-C,critical,8,no_lever_available,"CRITICAL — fully overloaded: P01_NW09_GRINDING_1 peaks at 27653% utilisation, 1435568.4 overload hours total, driven by 8 pipeline project(s). No upside shift lever available — consider rerouting or rescheduling."
all_in,NW10,P01_NW10_PRESS_2,T-70230-A,critical,1,no_lever_available,"CRITICAL — fully overloaded: P01_NW10_PRESS_2 peaks at 26961% utilisation, 1377005.1 overload hours total, driven by 1 pipeline project(s). No upside shift lever available — consider rerouting or rescheduling."
all_in,NW03,P01_NW03_OVEN_1,T-70356-D,critical,2,no_lever_available,"CRITICAL — fully overloaded: P01_NW03_OVEN_1 peaks at 26709% utilisation, 1562298.4 overload hours total, driven by 2 pipeline project(s). No upside shift lever available — consider rerouting or rescheduling."
all_in,NW06,P01_NW06_PRESS_3,T-70320-C,critical,8,no_lever_available,"CRITICAL — fully overloaded: P01_NW06_PRESS_3 peaks at 26706% utilisation, 1477084.0 overload hours total, driven by 8 pipeline project(s). No upside shift lever available — consider rerouting or rescheduling."
all_in,NW15,P01_NW15_PRESS_3,T-70367-C,critical,2,no_lever_available,"CRITICAL — fully overloaded: P01_NW15_PRESS_3 peaks at 26703% utilisation, 1580716.7 overload hours total, driven by 2 pipeline project(s). No upside shift lever available — consider rerouting or rescheduling."
all_in,NW09,P01_NW09_EXTRUSION_1,T-70291-A,critical,6,no_lever_available,"CRITICAL — fully overloaded: P01_NW09_EXTRUSION_1 peaks at 25700% utilisation, 1358847.6 overload hours total, driven by 6 pipeline project(s). No upside shift lever available — consider rerouting or rescheduling."
all_in,NW13,P01_NW13_PRESS_1,T-70178-D,critical,3,no_lever_available,"CRITICAL — fully overloaded: P01_NW13_PRESS_1 peaks at 25095% utilisation, 841035.9 overload hours total, driven by 3 pipeline project(s). No upside shift lever available — consider rerouting or rescheduling."
all_in,NW14,P01_NW14_PRESS_3,T-70307-D,critical,0,no_lever_available,"CRITICAL — fully overloaded: P01_NW14_PRESS_3 peaks at 24983% utilisation, 932280.0 overload hours total, driven by 0 pipeline project(s). No upside shift lever available — consider rerouting or rescheduling."
all_in,NW01,P01_NW01_PRESS_3,T-70152-B,critical,2,no_lever_available,"CRITICAL — fully overloaded: P01_NW01_PRESS_3 peaks at 24471% utilisation, 1397249.3 overload hours total, driven by 2 pipeline project(s). No upside shift lever available — consider rerouting or rescheduling."
all_in,NW11,P01_NW11_GRINDING_1,T-70310-C,critical,4,no_lever_available,"CRITICAL — fully overloaded: P01_NW11_GRINDING_1 peaks at 24053% utilisation, 1323105.7 overload hours total, driven by 4 pipeline project(s). No upside shift lever available — consider rerouting or rescheduling."
all_in,NW03,P01_NW03_GRINDING_1,T-70492-B,critical,1,no_lever_available,"CRITICAL — fully overloaded: P01_NW03_GRINDING_1 peaks at 24021% utilisation, 1385897.6 overload hours total, driven by 1 pipeline project(s). No upside shift lever available — consider rerouting or rescheduling."
all_in,NW12,P01_NW12_GRINDING_1,T-70351-D,critical,4,no_lever_available,"CRITICAL — fully overloaded: P01_NW12_GRINDING_1 peaks at 23883% utilisation, 739015.2 overload hours total, driven by 4 pipeline project(s). No upside shift lever available — consider rerouting or rescheduling."
all_in,NW01,P01_NW01_EXTRUSION_1,T-70597-B,critical,2,no_lever_available,"CRITICAL — fully overloaded: P01_NW01_EXTRUSION_1 peaks at 23845% utilisation, 1290575.4 overload hours total, driven by 2 pipeline project(s). No upside shift lever available — consider rerouting or rescheduling."
all_in,NW03,P01_NW03_EXTRUSION_1,T-70644-D,critical,3,no_lever_available,"CRITICAL — fully overloaded: P01_NW03_EXTRUSION_1 peaks at 23323% utilisation, 1350491.4 overload hours total, driven by 3 pipeline project(s). No upside shift lever available — consider rerouting or rescheduling."
all_in,NW02,P01_NW02_PRESS_1,T-70056-B,critical,0,no_lever_available,"CRITICAL — fully overloaded: P01_NW02_PRESS_1 peaks at 23153% utilisation, 862458.4 overload hours total, driven by 0 pipeline project(s). No upside shift lever available — consider rerouting or rescheduling."
all_in,NW05,P01_NW05_GRINDING_1,T-70389-A,critical,3,no_lever_available,"CRITICAL — fully overloaded: P01_NW05_GRINDING_1 peaks at 23072% utilisation, 845193.1 overload hours total, driven by 3 pipeline project(s). No upside shift lever available — consider rerouting or rescheduling."
all_in,NW13,P01_NW13_GRINDING_1,T-70129-A,critical,0,no_lever_available,"CRITICAL — fully overloaded: P01_NW13_GRINDING_1 peaks at 22642% utilisation, 718326.6 overload hours total, driven by 0 pipeline project(s). No upside shift lever available — consider rerouting or rescheduling."
all_in,NW05,P01_NW05_EXTRUSION_1,T-70644-D,critical,8,no_lever_available,"CRITICAL — fully overloaded: P01_NW05_EXTRUSION_1 peaks at 22366% utilisation, 814256.4 overload hours total, driven by 8 pipeline project(s). No upside shift lever available — consider rerouting or rescheduling."
all_in,NW02,P01_NW02_PRESS_4,T-70428-C,critical,0,no_lever_available,"CRITICAL — fully overloaded: P01_NW02_PRESS_4 peaks at 21619% utilisation, 801468.5 overload hours total, driven by 0 pipeline project(s). No upside shift lever available — consider rerouting or rescheduling."
all_in,NW03,P01_NW03_PRES_4,T-70547-D,critical,0,no_lever_available,"CRITICAL — fully overloaded: P01_NW03_PRES_4 peaks at 21447% utilisation, 1321683.3 overload hours total, driven by 0 pipeline project(s). No upside shift lever available — consider rerouting or rescheduling."
all_in,NW14,P01_NW14_PRESS_2,T-70099-A,critical,6,no_lever_available,"CRITICAL — fully overloaded: P01_NW14_PRESS_2 peaks at 21333% utilisation, 790382.3 overload hours total, driven by 6 pipeline project(s). No upside shift lever available — consider rerouting or rescheduling."
all_in,NW13,P01_NW13_PRESS_3,T-70098-A,critical,5,no_lever_available,"CRITICAL — fully overloaded: P01_NW13_PRESS_3 peaks at 21293% utilisation, 725608.6 overload hours total, driven by 5 pipeline project(s). No upside shift lever available — consider rerouting or rescheduling."
all_in,NW08,P01_NW08_PRESS_1,T-70487-A,critical,3,no_lever_available,"CRITICAL — fully overloaded: P01_NW08_PRESS_1 peaks at 21245% utilisation, 765011.2 overload hours total, driven by 3 pipeline project(s). No upside shift lever available — consider rerouting or rescheduling."
all_in,NW15,P01_NW15_OVEN_1,T-70325-C,critical,2,no_lever_available,"CRITICAL — fully overloaded: P01_NW15_OVEN_1 peaks at 21196% utilisation, 1177636.8 overload hours total, driven by 2 pipeline project(s). No upside shift lever available — consider rerouting or rescheduling."
all_in,NW02,P01_NW02_GRINDING_1,T-70526-C,critical,3,no_lever_available,"CRITICAL — fully overloaded: P01_NW02_GRINDING_1 peaks at 21120% utilisation, 728012.6 overload hours total, driven by 3 pipeline project(s). No upside shift lever available — consider rerouting or rescheduling."
all_in,NW12,P01_NW12_PRESS_2,T-70574-A,critical,5,no_lever_available,"CRITICAL — fully overloaded: P01_NW12_PRESS_2 peaks at 20950% utilisation, 680552.7 overload hours total, driven by 5 pipeline project(s). No upside shift lever available — consider rerouting or rescheduling."
all_in,NW10,P01_NW10_GRINDING_1,T-70516-A,critical,1,no_lever_available,"CRITICAL — fully overloaded: P01_NW10_GRINDING_1 peaks at 20500% utilisation, 1017571.6 overload hours total, driven by 1 pipeline project(s). No upside shift lever available — consider rerouting or rescheduling."
all_in,NW07,P01_NW07_EXTRUSION_1,T-70284-B,critical,8,no_lever_available,"CRITICAL — fully overloaded: P01_NW07_EXTRUSION_1 peaks at 19652% utilisation, 701846.1 overload hours total, driven by 8 pipeline project(s). No upside shift lever available — consider rerouting or rescheduling."
all_in,NW13,P01_NW13_OVEN_1,T-70607-A,critical,3,no_lever_available,"CRITICAL — fully overloaded: P01_NW13_OVEN_1 peaks at 19520% utilisation, 624073.9 overload hours total, driven by 3 pipeline project(s). No upside shift lever available — consider rerouting or rescheduling."
all_in,NW08,P01_NW08_PRESS_2,T-70608-D,critical,2,no_lever_available,"CRITICAL — fully overloaded: P01_NW08_PRESS_2 peaks at 19465% utilisation, 695048.4 overload hours total, driven by 2 pipeline project(s). No upside shift lever available — consider rerouting or rescheduling."
all_in,NW14,P01_NW14_ASSY_1,T-70049-A,critical,3,no_lever_available,"CRITICAL — fully overloaded: P01_NW14_ASSY_1 peaks at 19430% utilisation, 672618.6 overload hours total, driven by 3 pipeline project(s). No upside shift lever available — consider rerouting or rescheduling."
all_in,NW15,P01_NW15_PRESS_1,T-70326-A,critical,3,no_lever_available,"CRITICAL — fully overloaded: P01_NW15_PRESS_1 peaks at 18660% utilisation, 1097052.2 overload hours total, driven by 3 pipeline project(s). No upside shift lever available — consider rerouting or rescheduling."
all_in,NW05,P01_NW05_PRESS_4,T-70414-C,critical,0,no_lever_available,"CRITICAL — fully overloaded: P01_NW05_PRESS_4 peaks at 18359% utilisation, 710223.1 overload hours total, driven by 0 pipeline project(s). No upside shift lever available — consider rerouting or rescheduling."
all_in,NW02,P01_NW02_PRESS_6,T-70656-C,critical,5,no_lever_available,"CRITICAL — fully overloaded: P01_NW02_PRESS_6 peaks at 18267% utilisation, 2164427.5 overload hours total, driven by 5 pipeline project(s). No upside shift lever available — consider rerouting or rescheduling."
all_in,NW09,P01_NW09_PRESS_2,T-70047-C,critical,1,no_lever_available,"CRITICAL — fully overloaded: P01_NW09_PRESS_2 peaks at 17944% utilisation, 1007191.6 overload hours total, driven by 1 pipeline project(s). No upside shift lever available — consider rerouting or rescheduling."
all_in,NW12,P01_NW12_PRESS_3,T-70590-A,critical,4,no_lever_available,"CRITICAL — fully overloaded: P01_NW12_PRESS_3 peaks at 17805% utilisation, 585226.8 overload hours total, driven by 4 pipeline project(s). No upside shift lever available — consider rerouting or rescheduling."
all_in,NW05,P01_NW05_OVEN_1,T-70004-D,critical,3,no_lever_available,"CRITICAL — fully overloaded: P01_NW05_OVEN_1 peaks at 17628% utilisation, 641881.3 overload hours total, driven by 3 pipeline project(s). No upside shift lever available — consider rerouting or rescheduling."
all_in,NW08,P01_NW08_PRESS_3,T-70264-B,critical,4,no_lever_available,"CRITICAL — fully overloaded: P01_NW08_PRESS_3 peaks at 17480% utilisation, 632088.9 overload hours total, driven by 4 pipeline project(s). No upside shift lever available — consider rerouting or rescheduling."
all_in,NW15,P01_NW15_PRESS_2,T-70058-C,critical,2,no_lever_available,"CRITICAL — fully overloaded: P01_NW15_PRESS_2 peaks at 17325% utilisation, 1026338.7 overload hours total, driven by 2 pipeline project(s). No upside shift lever available — consider rerouting or rescheduling."
all_in,NW02,P01_NW02_PRESS_3,T-70295-D,critical,4,no_lever_available,"CRITICAL — fully overloaded: P01_NW02_PRESS_3 peaks at 17169% utilisation, 627083.4 overload hours total, driven by 4 pipeline project(s). No upside shift lever available — consider rerouting or rescheduling."
all_in,NW10,P01_NW10_PRESS_3,T-70644-D,critical,4,no_lever_available,"CRITICAL — fully overloaded: P01_NW10_PRESS_3 peaks at 16005% utilisation, 810118.7 overload hours total, driven by 4 pipeline project(s). No upside shift lever available — consider rerouting or rescheduling."
all_in,NW07,P01_NW07_PRESS_3,T-70378-D,critical,1,no_lever_available,"CRITICAL — fully overloaded: P01_NW07_PRESS_3 peaks at 15899% utilisation, 600895.6 overload hours total, driven by 1 pipeline project(s). No upside shift lever available — consider rerouting or rescheduling."
all_in,NW15,P01_NW15_EXTRUSION_1,T-70079-D,critical,2,no_lever_available,"CRITICAL — fully overloaded: P01_NW15_EXTRUSION_1 peaks at 15876% utilisation, 890988.5 overload hours total, driven by 2 pipeline project(s). No upside shift lever available — consider rerouting or rescheduling."
all_in,NW06,P01_NW06_PRESS_4,T-70456-A,critical,4,no_lever_available,"CRITICAL — fully overloaded: P01_NW06_PRESS_4 peaks at 15306% utilisation, 1744579.5 overload hours total, driven by 4 pipeline project(s). No upside shift lever available — consider rerouting or rescheduling."
all_in,NW01,P01_NW01_PRESS_6,T-70689-C,critical,6,no_lever_available,"CRITICAL — fully overloaded: P01_NW01_PRESS_6 peaks at 14424% utilisation, 1662669.3 overload hours total, driven by 6 pipeline project(s). No upside shift lever available — consider rerouting or rescheduling."
all_in,NW08,P01_NW08_PRESS_4,T-70172-B,critical,4,no_lever_available,"CRITICAL — fully overloaded: P01_NW08_PRESS_4 peaks at 14333% utilisation, 1656193.2 overload hours total, driven by 4 pipeline project(s). No upside shift lever available — consider rerouting or rescheduling."
all_in,NW11,P01_NW11_PRESS_3,T-70559-D,critical,2,no_lever_available,"CRITICAL — fully overloaded: P01_NW11_PRESS_3 peaks at 14240% utilisation, 832719.1 overload hours total, driven by 2 pipeline project(s). No upside shift lever available — consider rerouting or rescheduling."
all_in,NW15,P01_NW15_PRESS_4,T-70443-B,critical,8,no_lever_available,"CRITICAL — fully overloaded: P01_NW15_PRESS_4 peaks at 13977% utilisation, 1466239.7 overload hours total, driven by 8 pipeline project(s). No upside shift lever available — consider rerouting or rescheduling."
all_in,NW15,P01_NW15_PRESS_5,T-70470-C,critical,4,no_lever_available,"CRITICAL — fully overloaded: P01_NW15_PRESS_5 peaks at 13344% utilisation, 1398274.5 overload hours total, driven by 4 pipeline project(s). No upside shift lever available — consider rerouting or rescheduling."
all_in,NW01,P01_NW01_PRESS_5,T-70280-B,critical,5,no_lever_available,"CRITICAL — fully overloaded: P01_NW01_PRESS_5 peaks at 12578% utilisation, 1442194.4 overload hours total, driven by 5 pipeline project(s). No upside shift lever available — consider rerouting or rescheduling."
all_in,NW04,P01_NW04_PRESS_4,T-70111-D,critical,3,no_lever_available,"CRITICAL — fully overloaded: P01_NW04_PRESS_4 peaks at 12574% utilisation, 1335265.8 overload hours total, driven by 3 pipeline project(s). No upside shift lever available — consider rerouting or rescheduling."
all_in,NW05,P01_NW05_PRESS_5,T-70020-C,critical,2,no_lever_available,"CRITICAL — fully overloaded: P01_NW05_PRESS_5 peaks at 12240% utilisation, 1492584.0 overload hours total, driven by 2 pipeline project(s). No upside shift lever available — consider rerouting or rescheduling."
all_in,NW09,P01_NW09_PRESS_4,T-70202-C,critical,2,no_lever_available,"CRITICAL — fully overloaded: P01_NW09_PRESS_4 peaks at 12018% utilisation, 1351773.0 overload hours total, driven by 2 pipeline project(s). No upside shift lever available — consider rerouting or rescheduling."
all_in,NW02,P01_NW02_PRESS_5,T-70059-B,critical,2,no_lever_available,"CRITICAL — fully overloaded: P01_NW02_PRESS_5 peaks at 11674% utilisation, 1371500.7 overload hours total, driven by 2 pipeline project(s). No upside shift lever available — consider rerouting or rescheduling."
all_in,NW07,P01_NW07_PRESS_4,T-70489-C,critical,3,no_lever_available,"CRITICAL — fully overloaded: P01_NW07_PRESS_4 peaks at 11485% utilisation, 1377539.4 overload hours total, driven by 3 pipeline project(s). No upside shift lever available — consider rerouting or rescheduling."
all_in,NW04,P01_NW04_PRESS_5,T-70585-D,critical,2,no_lever_available,"CRITICAL — fully overloaded: P01_NW04_PRESS_5 peaks at 11425% utilisation, 1215818.1 overload hours total, driven by 2 pipeline project(s). No upside shift lever available — consider rerouting or rescheduling."
all_in,NW03,P01_NW03_PRES_8_1,T-70564-A,critical,5,no_lever_available,"CRITICAL — fully overloaded: P01_NW03_PRES_8_1 peaks at 11397% utilisation, 1232357.1 overload hours total, driven by 5 pipeline project(s). No upside shift lever available — consider rerouting or rescheduling."
all_in,NW07,P01_NW07_PRESS_5,T-70050-D,critical,5,no_lever_available,"CRITICAL — fully overloaded: P01_NW07_PRESS_5 peaks at 10723% utilisation, 1277207.2 overload hours total, driven by 5 pipeline project(s). No upside shift lever available — consider rerouting or rescheduling."
all_in,NW10,P01_NW10_PRESS_4,T-70122-B,critical,13,no_lever_available,"CRITICAL — fully overloaded: P01_NW10_PRESS_4 peaks at 10229% utilisation, 1122630.1 overload hours total, driven by 13 pipeline project(s). No upside shift lever available — consider rerouting or rescheduling."
all_in,NW13,P01_NW13_PRESS_4,T-70445-D,critical,6,no_lever_available,"CRITICAL — fully overloaded: P01_NW13_PRESS_4 peaks at 9021% utilisation, 979613.8 overload hours total, driven by 6 pipeline project(s). No upside shift lever available — consider rerouting or rescheduling."
all_in,NW05,P01_NW05_PRESS_6,T-70573-A,critical,3,no_lever_available,"CRITICAL — fully overloaded: P01_NW05_PRESS_6 peaks at 8719% utilisation, 1061322.0 overload hours total, driven by 3 pipeline project(s). No upside shift lever available — consider rerouting or rescheduling."
all_in,NW11,P01_NW11_PRESS_4,T-70604-C,critical,4,no_lever_available,"CRITICAL — fully overloaded: P01_NW11_PRESS_4 peaks at 7061% utilisation, 717900.6 overload hours total, driven by 4 pipeline project(s). No upside shift lever available — consider rerouting or rescheduling."
expected_value,NW14,P01_NW14_GRINDING_1,T-70494-A,critical,5,no_lever_available,"CRITICAL — fully overloaded: P01_NW14_GRINDING_1 peaks at 47671% utilisation, 1699904.5 overload hours total, driven by 5 pipeline project(s). No upside shift lever available — consider rerouting or rescheduling."
expected_value,NW01,P01_NW01_GRINDING_1,T-70649-D,critical,2,no_lever_available,"CRITICAL — fully overloaded: P01_NW01_GRINDING_1 peaks at 44798% utilisation, 2438578.3 overload hours total, driven by 2 pipeline project(s). No upside shift lever available — consider rerouting or rescheduling."
expected_value,NW11,P01_NW11_PRESS_1,T-70171-B,critical,2,no_lever_available,"CRITICAL — fully overloaded: P01_NW11_PRESS_1 peaks at 43968% utilisation, 2571494.5 overload hours total, driven by 2 pipeline project(s). No upside shift lever available — consider rerouting or rescheduling."
expected_value,NW07,P01_NW07_ASSY_1,T-70261-D,critical,2,no_lever_available,"CRITICAL — fully overloaded: P01_NW07_ASSY_1 peaks at 42679% utilisation, 1535354.3 overload hours total, driven by 2 pipeline project(s). No upside shift lever available — consider rerouting or rescheduling."
expected_value,NW08,P01_NW08_GRINDING_1,T-70065-C,critical,0,no_lever_available,"CRITICAL — fully overloaded: P01_NW08_GRINDING_1 peaks at 40149% utilisation, 1361160.5 overload hours total, driven by 0 pipeline project(s). No upside shift lever available — consider rerouting or rescheduling."
expected_value,NW01,P01_NW01_PRESS_1,T-70377-B,critical,4,no_lever_available,"CRITICAL — fully overloaded: P01_NW01_PRESS_1 peaks at 39775% utilisation, 2311412.3 overload hours total, driven by 4 pipeline project(s). No upside shift lever available — consider rerouting or rescheduling."
expected_value,NW13,P01_NW13_ASSY_1,T-70317-A,critical,2,no_lever_available,"CRITICAL — fully overloaded: P01_NW13_ASSY_1 peaks at 38609% utilisation, 1231285.9 overload hours total, driven by 2 pipeline project(s). No upside shift lever available — consider rerouting or rescheduling."
expected_value,NW07,P01_NW07_PRESS_2,T-70154-B,critical,1,no_lever_available,"CRITICAL — fully overloaded: P01_NW07_PRESS_2 peaks at 38473% utilisation, 1457776.8 overload hours total, driven by 1 pipeline project(s). No upside shift lever available — consider rerouting or rescheduling."
expected_value,NW08,P01_NW08_ASSY_1,T-70027-B,critical,5,no_lever_available,"CRITICAL — fully overloaded: P01_NW08_ASSY_1 peaks at 38413% utilisation, 1316402.2 overload hours total, driven by 5 pipeline project(s). No upside shift lever available — consider rerouting or rescheduling."
expected_value,NW04,P01_NW04_PRESS_1,T-70130-A,critical,3,no_lever_available,"CRITICAL — fully overloaded: P01_NW04_PRESS_1 peaks at 37802% utilisation, 2389841.9 overload hours total, driven by 3 pipeline project(s). No upside shift lever available — consider rerouting or rescheduling."
expected_value,NW06,P01_NW06_ASSY_1,T-70472-C,critical,1,no_lever_available,"CRITICAL — fully overloaded: P01_NW06_ASSY_1 peaks at 37407% utilisation, 1976009.7 overload hours total, driven by 1 pipeline project(s). No upside shift lever available — consider rerouting or rescheduling."
expected_value,NW02,P01_NW02_ASSY_1,T-70649-D,critical,1,no_lever_available,"CRITICAL — fully overloaded: P01_NW02_ASSY_1 peaks at 36964% utilisation, 1306085.9 overload hours total, driven by 1 pipeline project(s). No upside shift lever available — consider rerouting or rescheduling."
expected_value,NW10,P01_NW10_LATHE_1,T-70195-C,critical,1,no_lever_available,"CRITICAL — fully overloaded: P01_NW10_LATHE_1 peaks at 36629% utilisation, 1785680.8 overload hours total, driven by 1 pipeline project(s). No upside shift lever available — consider rerouting or rescheduling."
expected_value,NW02,P01_NW02_PRESS_2,T-70268-C,critical,2,no_lever_available,"CRITICAL — fully overloaded: P01_NW02_PRESS_2 peaks at 36386% utilisation, 1353372.4 overload hours total, driven by 2 pipeline project(s). No upside shift lever available — consider rerouting or rescheduling."
expected_value,NW05,P01_NW05_PRESS_1,T-70069-B,critical,1,no_lever_available,"CRITICAL — fully overloaded: P01_NW05_PRESS_1 peaks at 35985% utilisation, 1399867.1 overload hours total, driven by 1 pipeline project(s). No upside shift lever available — consider rerouting or rescheduling."
expected_value,NW04,P01_NW04_ASSY_1,T-70271-D,critical,3,no_lever_available,"CRITICAL — fully overloaded: P01_NW04_ASSY_1 peaks at 34981% utilisation, 2124834.2 overload hours total, driven by 3 pipeline project(s). No upside shift lever available — consider rerouting or rescheduling."
expected_value,NW01,P01_NW01_PRESS_2,T-70539-D,critical,1,no_lever_available,"CRITICAL — fully overloaded: P01_NW01_PRESS_2 peaks at 34164% utilisation, 1966038.4 overload hours total, driven by 1 pipeline project(s). No upside shift lever available — consider rerouting or rescheduling."
expected_value,NW04,P01_NW04_PRESS_3,T-70655-D,critical,5,no_lever_available,"CRITICAL — fully overloaded: P01_NW04_PRESS_3 peaks at 33884% utilisation, 2190521.2 overload hours total, driven by 5 pipeline project(s). No upside shift lever available — consider rerouting or rescheduling."
expected_value,NW06,P01_NW06_GRINDING_1,T-70510-B,critical,2,no_lever_available,"CRITICAL — fully overloaded: P01_NW06_GRINDING_1 peaks at 33779% utilisation, 1775832.5 overload hours total, driven by 2 pipeline project(s). No upside shift lever available — consider rerouting or rescheduling."
expected_value,NW11,P01_NW11_ASSY_1,T-70628-D,critical,1,no_lever_available,"CRITICAL — fully overloaded: P01_NW11_ASSY_1 peaks at 33374% utilisation, 1858133.8 overload hours total, driven by 1 pipeline project(s). No upside shift lever available — consider rerouting or rescheduling."
expected_value,NW10,P01_NW10_PRESS_1,T-70620-C,critical,1,no_lever_available,"CRITICAL — fully overloaded: P01_NW10_PRESS_1 peaks at 32837% utilisation, 1699590.8 overload hours total, driven by 1 pipeline project(s). No upside shift lever available — consider rerouting or rescheduling."
expected_value,NW15,P01_NW15_GRINDING_1,T-70650-B,critical,2,no_lever_available,"CRITICAL — fully overloaded: P01_NW15_GRINDING_1 peaks at 32601% utilisation, 1804658.5 overload hours total, driven by 2 pipeline project(s). No upside shift lever available — consider rerouting or rescheduling."
expected_value,NW07,P01_NW07_GRINDING_1,T-70434-C,critical,0,no_lever_available,"CRITICAL — fully overloaded: P01_NW07_GRINDING_1 peaks at 32562% utilisation, 1166718.9 overload hours total, driven by 0 pipeline project(s). No upside shift lever available — consider rerouting or rescheduling."
expected_value,NW04,P01_NW04_GRINDING_1,T-70288-A,critical,5,no_lever_available,"CRITICAL — fully overloaded: P01_NW04_GRINDING_1 peaks at 32368% utilisation, 1974437.1 overload hours total, driven by 5 pipeline project(s). No upside shift lever available — consider rerouting or rescheduling."
expected_value,NW11,P01_NW11_PRESS_2,T-70678-B,critical,6,no_lever_available,"CRITICAL — fully overloaded: P01_NW11_PRESS_2 peaks at 32234% utilisation, 1897088.9 overload hours total, driven by 6 pipeline project(s). No upside shift lever available — consider rerouting or rescheduling."
expected_value,NW10,P01_NW10_ASSY_1,T-70340-B,critical,1,no_lever_available,"CRITICAL — fully overloaded: P01_NW10_ASSY_1 peaks at 31851% utilisation, 1549529.0 overload hours total, driven by 1 pipeline project(s). No upside shift lever available — consider rerouting or rescheduling."
expected_value,NW03,P01_NW03_PRES_3_1,T-70416-C,critical,4,no_lever_available,"CRITICAL — fully overloaded: P01_NW03_PRES_3_1 peaks at 31818% utilisation, 1915907.2 overload hours total, driven by 4 pipeline project(s). No upside shift lever available — consider rerouting or rescheduling."
expected_value,NW13,P01_NW13_PRESS_2,T-70314-A,critical,3,no_lever_available,"CRITICAL — fully overloaded: P01_NW13_PRESS_2 peaks at 31584% utilisation, 1076169.9 overload hours total, driven by 3 pipeline project(s). No upside shift lever available — consider rerouting or rescheduling."
expected_value,NW09,P01_NW09_PRESS_3,T-70169-D,critical,2,no_lever_available,"CRITICAL — fully overloaded: P01_NW09_PRESS_3 peaks at 31449% utilisation, 1765908.4 overload hours total, driven by 2 pipeline project(s). No upside shift lever available — consider rerouting or rescheduling."
expected_value,NW12,P01_NW12_PRESS_1,T-70309-D,critical,9,no_lever_available,"CRITICAL — fully overloaded: P01_NW12_PRESS_1 peaks at 30895% utilisation, 1015771.0 overload hours total, driven by 9 pipeline project(s). No upside shift lever available — consider rerouting or rescheduling."
expected_value,NW03,P01_NW03_PRES_3_2,T-70601-B,critical,1,no_lever_available,"CRITICAL — fully overloaded: P01_NW03_PRES_3_2 peaks at 30779% utilisation, 1876486.3 overload hours total, driven by 1 pipeline project(s). No upside shift lever available — consider rerouting or rescheduling."
expected_value,NW04,P01_NW04_PRESS_2,T-70282-D,critical,5,no_lever_available,"CRITICAL — fully overloaded: P01_NW04_PRESS_2 peaks at 30716% utilisation, 1960481.0 overload hours total, driven by 5 pipeline project(s). No upside shift lever available — consider rerouting or rescheduling."
expected_value,NW02,P01_NW02_LATHE_1,T-70565-B,critical,3,no_lever_available,"CRITICAL — fully overloaded: P01_NW02_LATHE_1 peaks at 30682% utilisation, 1084530.3 overload hours total, driven by 3 pipeline project(s). No upside shift lever available — consider rerouting or rescheduling."
expected_value,NW05,P01_NW05_ASSY_1,T-70479-A,critical,2,no_lever_available,"CRITICAL — fully overloaded: P01_NW05_ASSY_1 peaks at 30661% utilisation, 1133895.1 overload hours total, driven by 2 pipeline project(s). No upside shift lever available — consider rerouting or rescheduling."
expected_value,NW01,P01_NW01_PRESS_4,T-70017-B,critical,3,no_lever_available,"CRITICAL — fully overloaded: P01_NW01_PRESS_4 peaks at 30562% utilisation, 1766849.4 overload hours total, driven by 3 pipeline project(s). No upside shift lever available — consider rerouting or rescheduling."
expected_value,NW05,P01_NW05_PRESS_2,T-70194-A,critical,0,no_lever_available,"CRITICAL — fully overloaded: P01_NW05_PRESS_2 peaks at 30342% utilisation, 1190784.7 overload hours total, driven by 0 pipeline project(s). No upside shift lever available — consider rerouting or rescheduling."
expected_value,NW14,P01_NW14_PRESS_1,T-70618-B,critical,3,no_lever_available,"CRITICAL — fully overloaded: P01_NW14_PRESS_1 peaks at 30236% utilisation, 1123642.7 overload hours total, driven by 3 pipeline project(s). No upside shift lever available — consider rerouting or rescheduling."
expected_value,NW07,P01_NW07_PRESS_1,T-70024-D,critical,2,no_lever_available,"CRITICAL — fully overloaded: P01_NW07_PRESS_1 peaks at 29970% utilisation, 1136689.7 overload hours total, driven by 2 pipeline project(s). No upside shift lever available — consider rerouting or rescheduling."
expected_value,NW05,P01_NW05_PRESS_3,T-70457-C,critical,2,no_lever_available,"CRITICAL — fully overloaded: P01_NW05_PRESS_3 peaks at 29004% utilisation, 1125354.5 overload hours total, driven by 2 pipeline project(s). No upside shift lever available — consider rerouting or rescheduling."
expected_value,NW15,P01_NW15_ASSY_1,T-70112-B,critical,3,no_lever_available,"CRITICAL — fully overloaded: P01_NW15_ASSY_1 peaks at 28833% utilisation, 1613953.4 overload hours total, driven by 3 pipeline project(s). No upside shift lever available — consider rerouting or rescheduling."
expected_value,NW06,P01_NW06_PRESS_1,T-70286-C,critical,2,no_lever_available,"CRITICAL — fully overloaded: P01_NW06_PRESS_1 peaks at 28477% utilisation, 1603046.0 overload hours total, driven by 2 pipeline project(s). No upside shift lever available — consider rerouting or rescheduling."
expected_value,NW01,P01_NW01_ASSY_1,T-70039-B,critical,4,no_lever_available,"CRITICAL — fully overloaded: P01_NW01_ASSY_1 peaks at 28317% utilisation, 1548069.9 overload hours total, driven by 4 pipeline project(s). No upside shift lever available — consider rerouting or rescheduling."
expected_value,NW06,P01_NW06_PRESS_2,T-70481-A,critical,3,no_lever_available,"CRITICAL — fully overloaded: P01_NW06_PRESS_2 peaks at 28152% utilisation, 1576770.5 overload hours total, driven by 3 pipeline project(s). No upside shift lever available — consider rerouting or rescheduling."
expected_value,NW02,P01_NW02_EXTRUSION_1,T-70378-D,critical,6,no_lever_available,"CRITICAL — fully overloaded: P01_NW02_EXTRUSION_1 peaks at 28107% utilisation, 997364.3 overload hours total, driven by 6 pipeline project(s). No upside shift lever available — consider rerouting or rescheduling."
expected_value,NW09,P01_NW09_PRESS_1,T-70091-B,critical,2,no_lever_available,"CRITICAL — fully overloaded: P01_NW09_PRESS_1 peaks at 28097% utilisation, 1554328.5 overload hours total, driven by 2 pipeline project(s). No upside shift lever available — consider rerouting or rescheduling."
expected_value,NW12,P01_NW12_ASSY_1,T-70178-D,critical,3,no_lever_available,"CRITICAL — fully overloaded: P01_NW12_ASSY_1 peaks at 27790% utilisation, 857850.1 overload hours total, driven by 3 pipeline project(s). No upside shift lever available — consider rerouting or rescheduling."
expected_value,NW03,P01_NW03_PRES_7_1,T-70607-A,critical,1,no_lever_available,"CRITICAL — fully overloaded: P01_NW03_PRES_7_1 peaks at 27701% utilisation, 1688909.7 overload hours total, driven by 1 pipeline project(s). No upside shift lever available — consider rerouting or rescheduling."
expected_value,NW09,P01_NW09_GRINDING_1,T-70306-C,critical,8,no_lever_available,"CRITICAL — fully overloaded: P01_NW09_GRINDING_1 peaks at 27653% utilisation, 1434379.9 overload hours total, driven by 8 pipeline project(s). No upside shift lever available — consider rerouting or rescheduling."
expected_value,NW10,P01_NW10_PRESS_2,T-70230-A,critical,1,no_lever_available,"CRITICAL — fully overloaded: P01_NW10_PRESS_2 peaks at 26961% utilisation, 1376971.1 overload hours total, driven by 1 pipeline project(s). No upside shift lever available — consider rerouting or rescheduling."
expected_value,NW15,P01_NW15_PRESS_3,T-70367-C,critical,2,no_lever_available,"CRITICAL — fully overloaded: P01_NW15_PRESS_3 peaks at 26703% utilisation, 1579726.3 overload hours total, driven by 2 pipeline project(s). No upside shift lever available — consider rerouting or rescheduling."
expected_value,NW03,P01_NW03_OVEN_1,T-70356-D,critical,2,no_lever_available,"CRITICAL — fully overloaded: P01_NW03_OVEN_1 peaks at 26663% utilisation, 1561782.4 overload hours total, driven by 2 pipeline project(s). No upside shift lever available — consider rerouting or rescheduling."
expected_value,NW06,P01_NW06_PRESS_3,T-70320-C,critical,8,no_lever_available,"CRITICAL — fully overloaded: P01_NW06_PRESS_3 peaks at 26584% utilisation, 1474222.5 overload hours total, driven by 8 pipeline project(s). No upside shift lever available — consider rerouting or rescheduling."
expected_value,NW09,P01_NW09_EXTRUSION_1,T-70291-A,critical,6,no_lever_available,"CRITICAL — fully overloaded: P01_NW09_EXTRUSION_1 peaks at 25684% utilisation, 1357480.4 overload hours total, driven by 6 pipeline project(s). No upside shift lever available — consider rerouting or rescheduling."
expected_value,NW14,P01_NW14_PRESS_3,T-70307-D,critical,0,no_lever_available,"CRITICAL — fully overloaded: P01_NW14_PRESS_3 peaks at 24983% utilisation, 932280.0 overload hours total, driven by 0 pipeline project(s). No upside shift lever available — consider rerouting or rescheduling."
expected_value,NW13,P01_NW13_PRESS_1,T-70178-D,critical,3,no_lever_available,"CRITICAL — fully overloaded: P01_NW13_PRESS_1 peaks at 24978% utilisation, 839795.0 overload hours total, driven by 3 pipeline project(s). No upside shift lever available — consider rerouting or rescheduling."
expected_value,NW01,P01_NW01_PRESS_3,T-70152-B,critical,2,no_lever_available,"CRITICAL — fully overloaded: P01_NW01_PRESS_3 peaks at 24471% utilisation, 1396143.4 overload hours total, driven by 2 pipeline project(s). No upside shift lever available — consider rerouting or rescheduling."
expected_value,NW11,P01_NW11_GRINDING_1,T-70310-C,critical,4,no_lever_available,"CRITICAL — fully overloaded: P01_NW11_GRINDING_1 peaks at 24046% utilisation, 1322547.5 overload hours total, driven by 4 pipeline project(s). No upside shift lever available — consider rerouting or rescheduling."
expected_value,NW03,P01_NW03_GRINDING_1,T-70492-B,critical,1,no_lever_available,"CRITICAL — fully overloaded: P01_NW03_GRINDING_1 peaks at 24021% utilisation, 1385860.7 overload hours total, driven by 1 pipeline project(s). No upside shift lever available — consider rerouting or rescheduling."
expected_value,NW01,P01_NW01_EXTRUSION_1,T-70597-B,critical,2,no_lever_available,"CRITICAL — fully overloaded: P01_NW01_EXTRUSION_1 peaks at 23839% utilisation, 1290511.1 overload hours total, driven by 2 pipeline project(s). No upside shift lever available — consider rerouting or rescheduling."
expected_value,NW12,P01_NW12_GRINDING_1,T-70351-D,critical,4,no_lever_available,"CRITICAL — fully overloaded: P01_NW12_GRINDING_1 peaks at 23814% utilisation, 736931.7 overload hours total, driven by 4 pipeline project(s). No upside shift lever available — consider rerouting or rescheduling."
expected_value,NW03,P01_NW03_EXTRUSION_1,T-70644-D,critical,3,no_lever_available,"CRITICAL — fully overloaded: P01_NW03_EXTRUSION_1 peaks at 23291% utilisation, 1349635.8 overload hours total, driven by 3 pipeline project(s). No upside shift lever available — consider rerouting or rescheduling."
expected_value,NW02,P01_NW02_PRESS_1,T-70056-B,critical,0,no_lever_available,"CRITICAL — fully overloaded: P01_NW02_PRESS_1 peaks at 23153% utilisation, 862458.4 overload hours total, driven by 0 pipeline project(s). No upside shift lever available — consider rerouting or rescheduling."
expected_value,NW05,P01_NW05_GRINDING_1,T-70389-A,critical,3,no_lever_available,"CRITICAL — fully overloaded: P01_NW05_GRINDING_1 peaks at 23064% utilisation, 844686.8 overload hours total, driven by 3 pipeline project(s). No upside shift lever available — consider rerouting or rescheduling."
expected_value,NW13,P01_NW13_GRINDING_1,T-70129-A,critical,0,no_lever_available,"CRITICAL — fully overloaded: P01_NW13_GRINDING_1 peaks at 22642% utilisation, 718326.6 overload hours total, driven by 0 pipeline project(s). No upside shift lever available — consider rerouting or rescheduling."
expected_value,NW05,P01_NW05_EXTRUSION_1,T-70644-D,critical,8,no_lever_available,"CRITICAL — fully overloaded: P01_NW05_EXTRUSION_1 peaks at 22233% utilisation, 812505.8 overload hours total, driven by 8 pipeline project(s). No upside shift lever available — consider rerouting or rescheduling."
expected_value,NW02,P01_NW02_PRESS_4,T-70428-C,critical,0,no_lever_available,"CRITICAL — fully overloaded: P01_NW02_PRESS_4 peaks at 21619% utilisation, 801468.5 overload hours total, driven by 0 pipeline project(s). No upside shift lever available — consider rerouting or rescheduling."
expected_value,NW03,P01_NW03_PRES_4,T-70547-D,critical,0,no_lever_available,"CRITICAL — fully overloaded: P01_NW03_PRES_4 peaks at 21447% utilisation, 1321683.3 overload hours total, driven by 0 pipeline project(s). No upside shift lever available — consider rerouting or rescheduling."
expected_value,NW14,P01_NW14_PRESS_2,T-70099-A,critical,6,no_lever_available,"CRITICAL — fully overloaded: P01_NW14_PRESS_2 peaks at 21281% utilisation, 788919.7 overload hours total, driven by 6 pipeline project(s). No upside shift lever available — consider rerouting or rescheduling."
expected_value,NW13,P01_NW13_PRESS_3,T-70098-A,critical,5,no_lever_available,"CRITICAL — fully overloaded: P01_NW13_PRESS_3 peaks at 21250% utilisation, 724036.9 overload hours total, driven by 5 pipeline project(s). No upside shift lever available — consider rerouting or rescheduling."
expected_value,NW08,P01_NW08_PRESS_1,T-70487-A,critical,3,no_lever_available,"CRITICAL — fully overloaded: P01_NW08_PRESS_1 peaks at 21228% utilisation, 764364.9 overload hours total, driven by 3 pipeline project(s). No upside shift lever available — consider rerouting or rescheduling."
expected_value,NW15,P01_NW15_OVEN_1,T-70325-C,critical,2,no_lever_available,"CRITICAL — fully overloaded: P01_NW15_OVEN_1 peaks at 21157% utilisation, 1176459.8 overload hours total, driven by 2 pipeline project(s). No upside shift lever available — consider rerouting or rescheduling."
expected_value,NW02,P01_NW02_GRINDING_1,T-70526-C,critical,3,no_lever_available,"CRITICAL — fully overloaded: P01_NW02_GRINDING_1 peaks at 21051% utilisation, 726015.1 overload hours total, driven by 3 pipeline project(s). No upside shift lever available — consider rerouting or rescheduling."
expected_value,NW12,P01_NW12_PRESS_2,T-70574-A,critical,5,no_lever_available,"CRITICAL — fully overloaded: P01_NW12_PRESS_2 peaks at 20875% utilisation, 679316.1 overload hours total, driven by 5 pipeline project(s). No upside shift lever available — consider rerouting or rescheduling."
expected_value,NW10,P01_NW10_GRINDING_1,T-70516-A,critical,1,no_lever_available,"CRITICAL — fully overloaded: P01_NW10_GRINDING_1 peaks at 20452% utilisation, 1017091.9 overload hours total, driven by 1 pipeline project(s). No upside shift lever available — consider rerouting or rescheduling."
expected_value,NW07,P01_NW07_EXTRUSION_1,T-70284-B,critical,8,no_lever_available,"CRITICAL — fully overloaded: P01_NW07_EXTRUSION_1 peaks at 19621% utilisation, 700384.6 overload hours total, driven by 8 pipeline project(s). No upside shift lever available — consider rerouting or rescheduling."
expected_value,NW13,P01_NW13_OVEN_1,T-70607-A,critical,3,no_lever_available,"CRITICAL — fully overloaded: P01_NW13_OVEN_1 peaks at 19479% utilisation, 623208.5 overload hours total, driven by 3 pipeline project(s). No upside shift lever available — consider rerouting or rescheduling."
expected_value,NW08,P01_NW08_PRESS_2,T-70608-D,critical,2,no_lever_available,"CRITICAL — fully overloaded: P01_NW08_PRESS_2 peaks at 19435% utilisation, 694835.3 overload hours total, driven by 2 pipeline project(s). No upside shift lever available — consider rerouting or rescheduling."
expected_value,NW14,P01_NW14_ASSY_1,T-70049-A,critical,3,no_lever_available,"CRITICAL — fully overloaded: P01_NW14_ASSY_1 peaks at 19375% utilisation, 671829.1 overload hours total, driven by 3 pipeline project(s). No upside shift lever available — consider rerouting or rescheduling."
expected_value,NW15,P01_NW15_PRESS_1,T-70326-A,critical,3,no_lever_available,"CRITICAL — fully overloaded: P01_NW15_PRESS_1 peaks at 18595% utilisation, 1096223.0 overload hours total, driven by 3 pipeline project(s). No upside shift lever available — consider rerouting or rescheduling."
expected_value,NW05,P01_NW05_PRESS_4,T-70414-C,critical,0,no_lever_available,"CRITICAL — fully overloaded: P01_NW05_PRESS_4 peaks at 18359% utilisation, 710223.1 overload hours total, driven by 0 pipeline project(s). No upside shift lever available — consider rerouting or rescheduling."
expected_value,NW02,P01_NW02_PRESS_6,T-70656-C,critical,5,no_lever_available,"CRITICAL — fully overloaded: P01_NW02_PRESS_6 peaks at 18250% utilisation, 2161444.6 overload hours total, driven by 5 pipeline project(s). No upside shift lever available — consider rerouting or rescheduling."
expected_value,NW09,P01_NW09_PRESS_2,T-70047-C,critical,1,no_lever_available,"CRITICAL — fully overloaded: P01_NW09_PRESS_2 peaks at 17944% utilisation, 1006777.5 overload hours total, driven by 1 pipeline project(s). No upside shift lever available — consider rerouting or rescheduling."
expected_value,NW12,P01_NW12_PRESS_3,T-70590-A,critical,4,no_lever_available,"CRITICAL — fully overloaded: P01_NW12_PRESS_3 peaks at 17684% utilisation, 583895.7 overload hours total, driven by 4 pipeline project(s). No upside shift lever available — consider rerouting or rescheduling."
expected_value,NW05,P01_NW05_OVEN_1,T-70004-D,critical,3,no_lever_available,"CRITICAL — fully overloaded: P01_NW05_OVEN_1 peaks at 17628% utilisation, 641708.1 overload hours total, driven by 3 pipeline project(s). No upside shift lever available — consider rerouting or rescheduling."
expected_value,NW08,P01_NW08_PRESS_3,T-70264-B,critical,4,no_lever_available,"CRITICAL — fully overloaded: P01_NW08_PRESS_3 peaks at 17407% utilisation, 631467.8 overload hours total, driven by 4 pipeline project(s). No upside shift lever available — consider rerouting or rescheduling."
expected_value,NW15,P01_NW15_PRESS_2,T-70058-C,critical,2,no_lever_available,"CRITICAL — fully overloaded: P01_NW15_PRESS_2 peaks at 17325% utilisation, 1026148.2 overload hours total, driven by 2 pipeline project(s). No upside shift lever available — consider rerouting or rescheduling."
expected_value,NW02,P01_NW02_PRESS_3,T-70295-D,critical,4,no_lever_available,"CRITICAL — fully overloaded: P01_NW02_PRESS_3 peaks at 17169% utilisation, 626078.0 overload hours total, driven by 4 pipeline project(s). No upside shift lever available — consider rerouting or rescheduling."
expected_value,NW10,P01_NW10_PRESS_3,T-70644-D,critical,4,no_lever_available,"CRITICAL — fully overloaded: P01_NW10_PRESS_3 peaks at 15932% utilisation, 809307.4 overload hours total, driven by 4 pipeline project(s). No upside shift lever available — consider rerouting or rescheduling."
expected_value,NW07,P01_NW07_PRESS_3,T-70378-D,critical,1,no_lever_available,"CRITICAL — fully overloaded: P01_NW07_PRESS_3 peaks at 15899% utilisation, 600639.9 overload hours total, driven by 1 pipeline project(s). No upside shift lever available — consider rerouting or rescheduling."
expected_value,NW15,P01_NW15_EXTRUSION_1,T-70079-D,critical,2,no_lever_available,"CRITICAL — fully overloaded: P01_NW15_EXTRUSION_1 peaks at 15876% utilisation, 890814.6 overload hours total, driven by 2 pipeline project(s). No upside shift lever available — consider rerouting or rescheduling."
expected_value,NW06,P01_NW06_PRESS_4,T-70456-A,critical,4,no_lever_available,"CRITICAL — fully overloaded: P01_NW06_PRESS_4 peaks at 15306% utilisation, 1742650.0 overload hours total, driven by 4 pipeline project(s). No upside shift lever available — consider rerouting or rescheduling."
expected_value,NW01,P01_NW01_PRESS_6,T-70689-C,critical,6,no_lever_available,"CRITICAL — fully overloaded: P01_NW01_PRESS_6 peaks at 14341% utilisation, 1658680.3 overload hours total, driven by 6 pipeline project(s). No upside shift lever available — consider rerouting or rescheduling."
expected_value,NW08,P01_NW08_PRESS_4,T-70172-B,critical,4,no_lever_available,"CRITICAL — fully overloaded: P01_NW08_PRESS_4 peaks at 14332% utilisation, 1653931.3 overload hours total, driven by 4 pipeline project(s). No upside shift lever available — consider rerouting or rescheduling."
expected_value,NW11,P01_NW11_PRESS_3,T-70559-D,critical,2,no_lever_available,"CRITICAL — fully overloaded: P01_NW11_PRESS_3 peaks at 14240% utilisation, 832602.7 overload hours total, driven by 2 pipeline project(s). No upside shift lever available — consider rerouting or rescheduling."
expected_value,NW15,P01_NW15_PRESS_4,T-70443-B,critical,8,no_lever_available,"CRITICAL — fully overloaded: P01_NW15_PRESS_4 peaks at 13846% utilisation, 1461113.4 overload hours total, driven by 8 pipeline project(s). No upside shift lever available — consider rerouting or rescheduling."
expected_value,NW15,P01_NW15_PRESS_5,T-70470-C,critical,4,no_lever_available,"CRITICAL — fully overloaded: P01_NW15_PRESS_5 peaks at 13344% utilisation, 1395158.0 overload hours total, driven by 4 pipeline project(s). No upside shift lever available — consider rerouting or rescheduling."
expected_value,NW01,P01_NW01_PRESS_5,T-70280-B,critical,5,no_lever_available,"CRITICAL — fully overloaded: P01_NW01_PRESS_5 peaks at 12570% utilisation, 1439920.6 overload hours total, driven by 5 pipeline project(s). No upside shift lever available — consider rerouting or rescheduling."
expected_value,NW04,P01_NW04_PRESS_4,T-70111-D,critical,3,no_lever_available,"CRITICAL — fully overloaded: P01_NW04_PRESS_4 peaks at 12485% utilisation, 1332142.6 overload hours total, driven by 3 pipeline project(s). No upside shift lever available — consider rerouting or rescheduling."
expected_value,NW05,P01_NW05_PRESS_5,T-70020-C,critical,2,no_lever_available,"CRITICAL — fully overloaded: P01_NW05_PRESS_5 peaks at 12235% utilisation, 1492293.7 overload hours total, driven by 2 pipeline project(s). No upside shift lever available — consider rerouting or rescheduling."
expected_value,NW09,P01_NW09_PRESS_4,T-70202-C,critical,2,no_lever_available,"CRITICAL — fully overloaded: P01_NW09_PRESS_4 peaks at 12016% utilisation, 1351414.4 overload hours total, driven by 2 pipeline project(s). No upside shift lever available — consider rerouting or rescheduling."
expected_value,NW02,P01_NW02_PRESS_5,T-70059-B,critical,2,no_lever_available,"CRITICAL — fully overloaded: P01_NW02_PRESS_5 peaks at 11674% utilisation, 1370476.3 overload hours total, driven by 2 pipeline project(s). No upside shift lever available — consider rerouting or rescheduling."
expected_value,NW07,P01_NW07_PRESS_4,T-70489-C,critical,3,no_lever_available,"CRITICAL — fully overloaded: P01_NW07_PRESS_4 peaks at 11483% utilisation, 1377138.8 overload hours total, driven by 3 pipeline project(s). No upside shift lever available — consider rerouting or rescheduling."
expected_value,NW04,P01_NW04_PRESS_5,T-70585-D,critical,2,no_lever_available,"CRITICAL — fully overloaded: P01_NW04_PRESS_5 peaks at 11425% utilisation, 1213924.2 overload hours total, driven by 2 pipeline project(s). No upside shift lever available — consider rerouting or rescheduling."
expected_value,NW03,P01_NW03_PRES_8_1,T-70564-A,critical,5,no_lever_available,"CRITICAL — fully overloaded: P01_NW03_PRES_8_1 peaks at 11366% utilisation, 1229351.9 overload hours total, driven by 5 pipeline project(s). No upside shift lever available — consider rerouting or rescheduling."
expected_value,NW07,P01_NW07_PRESS_5,T-70050-D,critical,5,no_lever_available,"CRITICAL — fully overloaded: P01_NW07_PRESS_5 peaks at 10671% utilisation, 1273253.2 overload hours total, driven by 5 pipeline project(s). No upside shift lever available — consider rerouting or rescheduling."
expected_value,NW10,P01_NW10_PRESS_4,T-70122-B,critical,13,no_lever_available,"CRITICAL — fully overloaded: P01_NW10_PRESS_4 peaks at 10178% utilisation, 1116446.8 overload hours total, driven by 13 pipeline project(s). No upside shift lever available — consider rerouting or rescheduling."
expected_value,NW13,P01_NW13_PRESS_4,T-70445-D,critical,6,no_lever_available,"CRITICAL — fully overloaded: P01_NW13_PRESS_4 peaks at 9015% utilisation, 977458.8 overload hours total, driven by 6 pipeline project(s). No upside shift lever available — consider rerouting or rescheduling."
expected_value,NW05,P01_NW05_PRESS_6,T-70573-A,critical,3,no_lever_available,"CRITICAL — fully overloaded: P01_NW05_PRESS_6 peaks at 8698% utilisation, 1060344.2 overload hours total, driven by 3 pipeline project(s). No upside shift lever available — consider rerouting or rescheduling."
expected_value,NW11,P01_NW11_PRESS_4,T-70604-C,critical,4,no_lever_available,"CRITICAL — fully overloaded: P01_NW11_PRESS_4 peaks at 7031% utilisation, 715936.4 overload hours total, driven by 4 pipeline project(s). No upside shift lever available — consider rerouting or rescheduling."
high_confidence,NW14,P01_NW14_GRINDING_1,T-70494-A,critical,4,no_lever_available,"CRITICAL — fully overloaded: P01_NW14_GRINDING_1 peaks at 47712% utilisation, 1700146.3 overload hours total, driven by 4 pipeline project(s). No upside shift lever available — consider rerouting or rescheduling."
high_confidence,NW01,P01_NW01_GRINDING_1,T-70649-D,critical,1,no_lever_available,"CRITICAL — fully overloaded: P01_NW01_GRINDING_1 peaks at 44806% utilisation, 2438470.3 overload hours total, driven by 1 pipeline project(s). No upside shift lever available — consider rerouting or rescheduling."
high_confidence,NW11,P01_NW11_PRESS_1,T-70171-B,critical,0,no_lever_available,"CRITICAL — fully overloaded: P01_NW11_PRESS_1 peaks at 43953% utilisation, 2571295.5 overload hours total, driven by 0 pipeline project(s). No upside shift lever available — consider rerouting or rescheduling."
high_confidence,NW07,P01_NW07_ASSY_1,T-70261-D,critical,1,no_lever_available,"CRITICAL — fully overloaded: P01_NW07_ASSY_1 peaks at 42679% utilisation, 1535221.2 overload hours total, driven by 1 pipeline project(s). No upside shift lever available — consider rerouting or rescheduling."
high_confidence,NW08,P01_NW08_GRINDING_1,T-70065-C,critical,0,no_lever_available,"CRITICAL — fully overloaded: P01_NW08_GRINDING_1 peaks at 40149% utilisation, 1361160.5 overload hours total, driven by 0 pipeline project(s). No upside shift lever available — consider rerouting or rescheduling."
high_confidence,NW01,P01_NW01_PRESS_1,T-70377-B,critical,1,no_lever_available,"CRITICAL — fully overloaded: P01_NW01_PRESS_1 peaks at 39775% utilisation, 2310879.4 overload hours total, driven by 1 pipeline project(s). No upside shift lever available — consider rerouting or rescheduling."
high_confidence,NW13,P01_NW13_ASSY_1,T-70317-A,critical,0,no_lever_available,"CRITICAL — fully overloaded: P01_NW13_ASSY_1 peaks at 38541% utilisation, 1230745.2 overload hours total, driven by 0 pipeline project(s). No upside shift lever available — consider rerouting or rescheduling."
high_confidence,NW07,P01_NW07_PRESS_2,T-70154-B,critical,1,no_lever_available,"CRITICAL — fully overloaded: P01_NW07_PRESS_2 peaks at 38473% utilisation, 1458005.5 overload hours total, driven by 1 pipeline project(s). No upside shift lever available — consider rerouting or rescheduling."
high_confidence,NW08,P01_NW08_ASSY_1,T-70027-B,critical,1,no_lever_available,"CRITICAL — fully overloaded: P01_NW08_ASSY_1 peaks at 38413% utilisation, 1315968.6 overload hours total, driven by 1 pipeline project(s). No upside shift lever available — consider rerouting or rescheduling."
high_confidence,NW04,P01_NW04_PRESS_1,T-70130-A,critical,1,no_lever_available,"CRITICAL — fully overloaded: P01_NW04_PRESS_1 peaks at 37800% utilisation, 2389617.4 overload hours total, driven by 1 pipeline project(s). No upside shift lever available — consider rerouting or rescheduling."
high_confidence,NW06,P01_NW06_ASSY_1,T-70472-C,critical,1,no_lever_available,"CRITICAL — fully overloaded: P01_NW06_ASSY_1 peaks at 37407% utilisation, 1976074.8 overload hours total, driven by 1 pipeline project(s). No upside shift lever available — consider rerouting or rescheduling."
high_confidence,NW02,P01_NW02_ASSY_1,T-70649-D,critical,0,no_lever_available,"CRITICAL — fully overloaded: P01_NW02_ASSY_1 peaks at 36964% utilisation, 1305865.9 overload hours total, driven by 0 pipeline project(s). No upside shift lever available — consider rerouting or rescheduling."
high_confidence,NW10,P01_NW10_LATHE_1,T-70195-C,critical,1,no_lever_available,"CRITICAL — fully overloaded: P01_NW10_LATHE_1 peaks at 36629% utilisation, 1785719.2 overload hours total, driven by 1 pipeline project(s). No upside shift lever available — consider rerouting or rescheduling."
high_confidence,NW02,P01_NW02_PRESS_2,T-70268-C,critical,1,no_lever_available,"CRITICAL — fully overloaded: P01_NW02_PRESS_2 peaks at 36386% utilisation, 1353140.4 overload hours total, driven by 1 pipeline project(s). No upside shift lever available — consider rerouting or rescheduling."
high_confidence,NW05,P01_NW05_PRESS_1,T-70069-B,critical,0,no_lever_available,"CRITICAL — fully overloaded: P01_NW05_PRESS_1 peaks at 35985% utilisation, 1399687.3 overload hours total, driven by 0 pipeline project(s). No upside shift lever available — consider rerouting or rescheduling."
high_confidence,NW04,P01_NW04_ASSY_1,T-70271-D,critical,2,no_lever_available,"CRITICAL — fully overloaded: P01_NW04_ASSY_1 peaks at 34997% utilisation, 2125104.0 overload hours total, driven by 2 pipeline project(s). No upside shift lever available — consider rerouting or rescheduling."
high_confidence,NW01,P01_NW01_PRESS_2,T-70539-D,critical,0,no_lever_available,"CRITICAL — fully overloaded: P01_NW01_PRESS_2 peaks at 34164% utilisation, 1965833.9 overload hours total, driven by 0 pipeline project(s). No upside shift lever available — consider rerouting or rescheduling."
high_confidence,NW04,P01_NW04_PRESS_3,T-70655-D,critical,1,no_lever_available,"CRITICAL — fully overloaded: P01_NW04_PRESS_3 peaks at 33884% utilisation, 2190064.4 overload hours total, driven by 1 pipeline project(s). No upside shift lever available — consider rerouting or rescheduling."
high_confidence,NW06,P01_NW06_GRINDING_1,T-70510-B,critical,1,no_lever_available,"CRITICAL — fully overloaded: P01_NW06_GRINDING_1 peaks at 33779% utilisation, 1775335.3 overload hours total, driven by 1 pipeline project(s). No upside shift lever available — consider rerouting or rescheduling."
high_confidence,NW11,P01_NW11_ASSY_1,T-70628-D,critical,0,no_lever_available,"CRITICAL — fully overloaded: P01_NW11_ASSY_1 peaks at 33374% utilisation, 1858047.0 overload hours total, driven by 0 pipeline project(s). No upside shift lever available — consider rerouting or rescheduling."
high_confidence,NW10,P01_NW10_PRESS_1,T-70620-C,critical,1,no_lever_available,"CRITICAL — fully overloaded: P01_NW10_PRESS_1 peaks at 32838% utilisation, 1699614.5 overload hours total, driven by 1 pipeline project(s). No upside shift lever available — consider rerouting or rescheduling."
high_confidence,NW15,P01_NW15_GRINDING_1,T-70650-B,critical,2,no_lever_available,"CRITICAL — fully overloaded: P01_NW15_GRINDING_1 peaks at 32606% utilisation, 1804738.3 overload hours total, driven by 2 pipeline project(s). No upside shift lever available — consider rerouting or rescheduling."
high_confidence,NW07,P01_NW07_GRINDING_1,T-70434-C,critical,0,no_lever_available,"CRITICAL — fully overloaded: P01_NW07_GRINDING_1 peaks at 32562% utilisation, 1166718.9 overload hours total, driven by 0 pipeline project(s). No upside shift lever available — consider rerouting or rescheduling."
high_confidence,NW04,P01_NW04_GRINDING_1,T-70288-A,critical,2,no_lever_available,"CRITICAL — fully overloaded: P01_NW04_GRINDING_1 peaks at 32368% utilisation, 1974267.4 overload hours total, driven by 2 pipeline project(s). No upside shift lever available — consider rerouting or rescheduling."
high_confidence,NW11,P01_NW11_PRESS_2,T-70678-B,critical,3,no_lever_available,"CRITICAL — fully overloaded: P01_NW11_PRESS_2 peaks at 32234% utilisation, 1897187.7 overload hours total, driven by 3 pipeline project(s). No upside shift lever available — consider rerouting or rescheduling."
high_confidence,NW10,P01_NW10_ASSY_1,T-70340-B,critical,0,no_lever_available,"CRITICAL — fully overloaded: P01_NW10_ASSY_1 peaks at 31851% utilisation, 1549351.9 overload hours total, driven by 0 pipeline project(s). No upside shift lever available — consider rerouting or rescheduling."
high_confidence,NW03,P01_NW03_PRES_3_1,T-70416-C,critical,2,no_lever_available,"CRITICAL — fully overloaded: P01_NW03_PRES_3_1 peaks at 31818% utilisation, 1915893.9 overload hours total, driven by 2 pipeline project(s). No upside shift lever available — consider rerouting or rescheduling."
high_confidence,NW13,P01_NW13_PRESS_2,T-70314-A,critical,2,no_lever_available,"CRITICAL — fully overloaded: P01_NW13_PRESS_2 peaks at 31584% utilisation, 1076188.4 overload hours total, driven by 2 pipeline project(s). No upside shift lever available — consider rerouting or rescheduling."
high_confidence,NW09,P01_NW09_PRESS_3,T-70169-D,critical,1,no_lever_available,"CRITICAL — fully overloaded: P01_NW09_PRESS_3 peaks at 31465% utilisation, 1766028.9 overload hours total, driven by 1 pipeline project(s). No upside shift lever available — consider rerouting or rescheduling."
high_confidence,NW12,P01_NW12_PRESS_1,T-70309-D,critical,7,no_lever_available,"CRITICAL — fully overloaded: P01_NW12_PRESS_1 peaks at 30953% utilisation, 1016676.7 overload hours total, driven by 7 pipeline project(s). No upside shift lever available — consider rerouting or rescheduling."
high_confidence,NW03,P01_NW03_PRES_3_2,T-70601-B,critical,0,no_lever_available,"CRITICAL — fully overloaded: P01_NW03_PRES_3_2 peaks at 30779% utilisation, 1876239.2 overload hours total, driven by 0 pipeline project(s). No upside shift lever available — consider rerouting or rescheduling."
high_confidence,NW04,P01_NW04_PRESS_2,T-70282-D,critical,4,no_lever_available,"CRITICAL — fully overloaded: P01_NW04_PRESS_2 peaks at 30716% utilisation, 1960658.6 overload hours total, driven by 4 pipeline project(s). No upside shift lever available — consider rerouting or rescheduling."
high_confidence,NW02,P01_NW02_LATHE_1,T-70565-B,critical,1,no_lever_available,"CRITICAL — fully overloaded: P01_NW02_LATHE_1 peaks at 30682% utilisation, 1084559.6 overload hours total, driven by 1 pipeline project(s). No upside shift lever available — consider rerouting or rescheduling."
high_confidence,NW05,P01_NW05_ASSY_1,T-70479-A,critical,1,no_lever_available,"CRITICAL — fully overloaded: P01_NW05_ASSY_1 peaks at 30661% utilisation, 1133883.7 overload hours total, driven by 1 pipeline project(s). No upside shift lever available — consider rerouting or rescheduling."
high_confidence,NW01,P01_NW01_PRESS_4,T-70017-B,critical,2,no_lever_available,"CRITICAL — fully overloaded: P01_NW01_PRESS_4 peaks at 30562% utilisation, 1766521.3 overload hours total, driven by 2 pipeline project(s). No upside shift lever available — consider rerouting or rescheduling."
high_confidence,NW05,P01_NW05_PRESS_2,T-70194-A,critical,0,no_lever_available,"CRITICAL — fully overloaded: P01_NW05_PRESS_2 peaks at 30342% utilisation, 1190784.7 overload hours total, driven by 0 pipeline project(s). No upside shift lever available — consider rerouting or rescheduling."
high_confidence,NW14,P01_NW14_PRESS_1,T-70618-B,critical,0,no_lever_available,"CRITICAL — fully overloaded: P01_NW14_PRESS_1 peaks at 30236% utilisation, 1123384.6 overload hours total, driven by 0 pipeline project(s). No upside shift lever available — consider rerouting or rescheduling."
high_confidence,NW07,P01_NW07_PRESS_1,T-70024-D,critical,0,no_lever_available,"CRITICAL — fully overloaded: P01_NW07_PRESS_1 peaks at 29954% utilisation, 1136437.5 overload hours total, driven by 0 pipeline project(s). No upside shift lever available — consider rerouting or rescheduling."
high_confidence,NW05,P01_NW05_PRESS_3,T-70457-C,critical,1,no_lever_available,"CRITICAL — fully overloaded: P01_NW05_PRESS_3 peaks at 29011% utilisation, 1125447.7 overload hours total, driven by 1 pipeline project(s). No upside shift lever available — consider rerouting or rescheduling."
high_confidence,NW15,P01_NW15_ASSY_1,T-70112-B,critical,2,no_lever_available,"CRITICAL — fully overloaded: P01_NW15_ASSY_1 peaks at 28833% utilisation, 1613789.9 overload hours total, driven by 2 pipeline project(s). No upside shift lever available — consider rerouting or rescheduling."
high_confidence,NW06,P01_NW06_PRESS_1,T-70286-C,critical,0,no_lever_available,"CRITICAL — fully overloaded: P01_NW06_PRESS_1 peaks at 28471% utilisation, 1602958.5 overload hours total, driven by 0 pipeline project(s). No upside shift lever available — consider rerouting or rescheduling."
high_confidence,NW01,P01_NW01_ASSY_1,T-70039-B,critical,2,no_lever_available,"CRITICAL — fully overloaded: P01_NW01_ASSY_1 peaks at 28317% utilisation, 1548340.6 overload hours total, driven by 2 pipeline project(s). No upside shift lever available — consider rerouting or rescheduling."
high_confidence,NW06,P01_NW06_PRESS_2,T-70481-A,critical,1,no_lever_available,"CRITICAL — fully overloaded: P01_NW06_PRESS_2 peaks at 28152% utilisation, 1576704.0 overload hours total, driven by 1 pipeline project(s). No upside shift lever available — consider rerouting or rescheduling."
high_confidence,NW02,P01_NW02_EXTRUSION_1,T-70378-D,critical,4,no_lever_available,"CRITICAL — fully overloaded: P01_NW02_EXTRUSION_1 peaks at 28108% utilisation, 997146.3 overload hours total, driven by 4 pipeline project(s). No upside shift lever available — consider rerouting or rescheduling."
high_confidence,NW09,P01_NW09_PRESS_1,T-70091-B,critical,1,no_lever_available,"CRITICAL — fully overloaded: P01_NW09_PRESS_1 peaks at 28107% utilisation, 1554620.3 overload hours total, driven by 1 pipeline project(s). No upside shift lever available — consider rerouting or rescheduling."
high_confidence,NW12,P01_NW12_ASSY_1,T-70178-D,critical,2,no_lever_available,"CRITICAL — fully overloaded: P01_NW12_ASSY_1 peaks at 27823% utilisation, 858081.2 overload hours total, driven by 2 pipeline project(s). No upside shift lever available — consider rerouting or rescheduling."
high_confidence,NW03,P01_NW03_PRES_7_1,T-70607-A,critical,1,no_lever_available,"CRITICAL — fully overloaded: P01_NW03_PRES_7_1 peaks at 27701% utilisation, 1688983.0 overload hours total, driven by 1 pipeline project(s). No upside shift lever available — consider rerouting or rescheduling."
high_confidence,NW09,P01_NW09_GRINDING_1,T-70306-C,critical,4,no_lever_available,"CRITICAL — fully overloaded: P01_NW09_GRINDING_1 peaks at 27653% utilisation, 1433945.9 overload hours total, driven by 4 pipeline project(s). No upside shift lever available — consider rerouting or rescheduling."
high_confidence,NW10,P01_NW10_PRESS_2,T-70230-A,critical,0,no_lever_available,"CRITICAL — fully overloaded: P01_NW10_PRESS_2 peaks at 26961% utilisation, 1376937.1 overload hours total, driven by 0 pipeline project(s). No upside shift lever available — consider rerouting or rescheduling."
high_confidence,NW15,P01_NW15_PRESS_3,T-70367-C,critical,0,no_lever_available,"CRITICAL — fully overloaded: P01_NW15_PRESS_3 peaks at 26703% utilisation, 1579000.0 overload hours total, driven by 0 pipeline project(s). No upside shift lever available — consider rerouting or rescheduling."
high_confidence,NW03,P01_NW03_OVEN_1,T-70356-D,critical,1,no_lever_available,"CRITICAL — fully overloaded: P01_NW03_OVEN_1 peaks at 26651% utilisation, 1561653.0 overload hours total, driven by 1 pipeline project(s). No upside shift lever available — consider rerouting or rescheduling."
high_confidence,NW06,P01_NW06_PRESS_3,T-70320-C,critical,3,no_lever_available,"CRITICAL — fully overloaded: P01_NW06_PRESS_3 peaks at 26602% utilisation, 1474012.0 overload hours total, driven by 3 pipeline project(s). No upside shift lever available — consider rerouting or rescheduling."
high_confidence,NW09,P01_NW09_EXTRUSION_1,T-70291-A,critical,4,no_lever_available,"CRITICAL — fully overloaded: P01_NW09_EXTRUSION_1 peaks at 25688% utilisation, 1357772.6 overload hours total, driven by 4 pipeline project(s). No upside shift lever available — consider rerouting or rescheduling."
high_confidence,NW14,P01_NW14_PRESS_3,T-70307-D,critical,0,no_lever_available,"CRITICAL — fully overloaded: P01_NW14_PRESS_3 peaks at 24983% utilisation, 932280.0 overload hours total, driven by 0 pipeline project(s). No upside shift lever available — consider rerouting or rescheduling."
high_confidence,NW13,P01_NW13_PRESS_1,T-70178-D,critical,0,no_lever_available,"CRITICAL — fully overloaded: P01_NW13_PRESS_1 peaks at 24862% utilisation, 838554.0 overload hours total, driven by 0 pipeline project(s). No upside shift lever available — consider rerouting or rescheduling."
high_confidence,NW01,P01_NW01_PRESS_3,T-70152-B,critical,1,no_lever_available,"CRITICAL — fully overloaded: P01_NW01_PRESS_3 peaks at 24471% utilisation, 1396201.6 overload hours total, driven by 1 pipeline project(s). No upside shift lever available — consider rerouting or rescheduling."
high_confidence,NW11,P01_NW11_GRINDING_1,T-70310-C,critical,3,no_lever_available,"CRITICAL — fully overloaded: P01_NW11_GRINDING_1 peaks at 24053% utilisation, 1322514.7 overload hours total, driven by 3 pipeline project(s). No upside shift lever available — consider rerouting or rescheduling."
high_confidence,NW03,P01_NW03_GRINDING_1,T-70492-B,critical,1,no_lever_available,"CRITICAL — fully overloaded: P01_NW03_GRINDING_1 peaks at 24021% utilisation, 1385897.6 overload hours total, driven by 1 pipeline project(s). No upside shift lever available — consider rerouting or rescheduling."
high_confidence,NW12,P01_NW12_GRINDING_1,T-70351-D,critical,2,no_lever_available,"CRITICAL — fully overloaded: P01_NW12_GRINDING_1 peaks at 23883% utilisation, 737094.7 overload hours total, driven by 2 pipeline project(s). No upside shift lever available — consider rerouting or rescheduling."
high_confidence,NW01,P01_NW01_EXTRUSION_1,T-70597-B,critical,1,no_lever_available,"CRITICAL — fully overloaded: P01_NW01_EXTRUSION_1 peaks at 23837% utilisation, 1290494.5 overload hours total, driven by 1 pipeline project(s). No upside shift lever available — consider rerouting or rescheduling."
high_confidence,NW03,P01_NW03_EXTRUSION_1,T-70644-D,critical,2,no_lever_available,"CRITICAL — fully overloaded: P01_NW03_EXTRUSION_1 peaks at 23259% utilisation, 1349498.6 overload hours total, driven by 2 pipeline project(s). No upside shift lever available — consider rerouting or rescheduling."
high_confidence,NW02,P01_NW02_PRESS_1,T-70056-B,critical,0,no_lever_available,"CRITICAL — fully overloaded: P01_NW02_PRESS_1 peaks at 23153% utilisation, 862458.4 overload hours total, driven by 0 pipeline project(s). No upside shift lever available — consider rerouting or rescheduling."
high_confidence,NW05,P01_NW05_GRINDING_1,T-70389-A,critical,2,no_lever_available,"CRITICAL — fully overloaded: P01_NW05_GRINDING_1 peaks at 23072% utilisation, 844811.9 overload hours total, driven by 2 pipeline project(s). No upside shift lever available — consider rerouting or rescheduling."
high_confidence,NW13,P01_NW13_GRINDING_1,T-70129-A,critical,0,no_lever_available,"CRITICAL — fully overloaded: P01_NW13_GRINDING_1 peaks at 22642% utilisation, 718326.6 overload hours total, driven by 0 pipeline project(s). No upside shift lever available — consider rerouting or rescheduling."
high_confidence,NW05,P01_NW05_EXTRUSION_1,T-70644-D,critical,4,no_lever_available,"CRITICAL — fully overloaded: P01_NW05_EXTRUSION_1 peaks at 22249% utilisation, 812473.1 overload hours total, driven by 4 pipeline project(s). No upside shift lever available — consider rerouting or rescheduling."
high_confidence,NW02,P01_NW02_PRESS_4,T-70428-C,critical,0,no_lever_available,"CRITICAL — fully overloaded: P01_NW02_PRESS_4 peaks at 21619% utilisation, 801468.5 overload hours total, driven by 0 pipeline project(s). No upside shift lever available — consider rerouting or rescheduling."
high_confidence,NW03,P01_NW03_PRES_4,T-70547-D,critical,0,no_lever_available,"CRITICAL — fully overloaded: P01_NW03_PRES_4 peaks at 21447% utilisation, 1321683.3 overload hours total, driven by 0 pipeline project(s). No upside shift lever available — consider rerouting or rescheduling."
high_confidence,NW14,P01_NW14_PRESS_2,T-70099-A,critical,1,no_lever_available,"CRITICAL — fully overloaded: P01_NW14_PRESS_2 peaks at 21267% utilisation, 788609.8 overload hours total, driven by 1 pipeline project(s). No upside shift lever available — consider rerouting or rescheduling."
high_confidence,NW13,P01_NW13_PRESS_3,T-70098-A,critical,1,no_lever_available,"CRITICAL — fully overloaded: P01_NW13_PRESS_3 peaks at 21250% utilisation, 723644.0 overload hours total, driven by 1 pipeline project(s). No upside shift lever available — consider rerouting or rescheduling."
high_confidence,NW08,P01_NW08_PRESS_1,T-70487-A,critical,2,no_lever_available,"CRITICAL — fully overloaded: P01_NW08_PRESS_1 peaks at 21239% utilisation, 764376.7 overload hours total, driven by 2 pipeline project(s). No upside shift lever available — consider rerouting or rescheduling."
high_confidence,NW15,P01_NW15_OVEN_1,T-70325-C,critical,0,no_lever_available,"CRITICAL — fully overloaded: P01_NW15_OVEN_1 peaks at 21157% utilisation, 1176172.0 overload hours total, driven by 0 pipeline project(s). No upside shift lever available — consider rerouting or rescheduling."
high_confidence,NW02,P01_NW02_GRINDING_1,T-70526-C,critical,1,no_lever_available,"CRITICAL — fully overloaded: P01_NW02_GRINDING_1 peaks at 21027% utilisation, 725703.1 overload hours total, driven by 1 pipeline project(s). No upside shift lever available — consider rerouting or rescheduling."
high_confidence,NW12,P01_NW12_PRESS_2,T-70574-A,critical,3,no_lever_available,"CRITICAL — fully overloaded: P01_NW12_PRESS_2 peaks at 20800% utilisation, 679045.3 overload hours total, driven by 3 pipeline project(s). No upside shift lever available — consider rerouting or rescheduling."
high_confidence,NW10,P01_NW10_GRINDING_1,T-70516-A,critical,0,no_lever_available,"CRITICAL — fully overloaded: P01_NW10_GRINDING_1 peaks at 20446% utilisation, 1017038.6 overload hours total, driven by 0 pipeline project(s). No upside shift lever available — consider rerouting or rescheduling."
high_confidence,NW07,P01_NW07_EXTRUSION_1,T-70284-B,critical,3,no_lever_available,"CRITICAL — fully overloaded: P01_NW07_EXTRUSION_1 peaks at 19618% utilisation, 699572.6 overload hours total, driven by 3 pipeline project(s). No upside shift lever available — consider rerouting or rescheduling."
high_confidence,NW13,P01_NW13_OVEN_1,T-70607-A,critical,1,no_lever_available,"CRITICAL — fully overloaded: P01_NW13_OVEN_1 peaks at 19484% utilisation, 623222.3 overload hours total, driven by 1 pipeline project(s). No upside shift lever available — consider rerouting or rescheduling."
high_confidence,NW08,P01_NW08_PRESS_2,T-70608-D,critical,1,no_lever_available,"CRITICAL — fully overloaded: P01_NW08_PRESS_2 peaks at 19436% utilisation, 694856.3 overload hours total, driven by 1 pipeline project(s). No upside shift lever available — consider rerouting or rescheduling."
high_confidence,NW14,P01_NW14_ASSY_1,T-70049-A,critical,2,no_lever_available,"CRITICAL — fully overloaded: P01_NW14_ASSY_1 peaks at 19378% utilisation, 671903.0 overload hours total, driven by 2 pipeline project(s). No upside shift lever available — consider rerouting or rescheduling."
high_confidence,NW15,P01_NW15_PRESS_1,T-70326-A,critical,2,no_lever_available,"CRITICAL — fully overloaded: P01_NW15_PRESS_1 peaks at 18588% utilisation, 1096232.7 overload hours total, driven by 2 pipeline project(s). No upside shift lever available — consider rerouting or rescheduling."
high_confidence,NW05,P01_NW05_PRESS_4,T-70414-C,critical,0,no_lever_available,"CRITICAL — fully overloaded: P01_NW05_PRESS_4 peaks at 18359% utilisation, 710223.1 overload hours total, driven by 0 pipeline project(s). No upside shift lever available — consider rerouting or rescheduling."
high_confidence,NW02,P01_NW02_PRESS_6,T-70656-C,critical,2,no_lever_available,"CRITICAL — fully overloaded: P01_NW02_PRESS_6 peaks at 18245% utilisation, 2161385.2 overload hours total, driven by 2 pipeline project(s). No upside shift lever available — consider rerouting or rescheduling."
high_confidence,NW09,P01_NW09_PRESS_2,T-70047-C,critical,0,no_lever_available,"CRITICAL — fully overloaded: P01_NW09_PRESS_2 peaks at 17944% utilisation, 1006731.5 overload hours total, driven by 0 pipeline project(s). No upside shift lever available — consider rerouting or rescheduling."
high_confidence,NW12,P01_NW12_PRESS_3,T-70590-A,critical,3,no_lever_available,"CRITICAL — fully overloaded: P01_NW12_PRESS_3 peaks at 17664% utilisation, 583715.3 overload hours total, driven by 3 pipeline project(s). No upside shift lever available — consider rerouting or rescheduling."
high_confidence,NW05,P01_NW05_OVEN_1,T-70004-D,critical,3,no_lever_available,"CRITICAL — fully overloaded: P01_NW05_OVEN_1 peaks at 17628% utilisation, 641881.3 overload hours total, driven by 3 pipeline project(s). No upside shift lever available — consider rerouting or rescheduling."
high_confidence,NW08,P01_NW08_PRESS_3,T-70264-B,critical,0,no_lever_available,"CRITICAL — fully overloaded: P01_NW08_PRESS_3 peaks at 17388% utilisation, 631239.1 overload hours total, driven by 0 pipeline project(s). No upside shift lever available — consider rerouting or rescheduling."
high_confidence,NW15,P01_NW15_PRESS_2,T-70058-C,critical,1,no_lever_available,"CRITICAL — fully overloaded: P01_NW15_PRESS_2 peaks at 17325% utilisation, 1026132.9 overload hours total, driven by 1 pipeline project(s). No upside shift lever available — consider rerouting or rescheduling."
high_confidence,NW02,P01_NW02_PRESS_3,T-70295-D,critical,2,no_lever_available,"CRITICAL — fully overloaded: P01_NW02_PRESS_3 peaks at 17169% utilisation, 625778.4 overload hours total, driven by 2 pipeline project(s). No upside shift lever available — consider rerouting or rescheduling."
high_confidence,NW07,P01_NW07_PRESS_3,T-70378-D,critical,0,no_lever_available,"CRITICAL — fully overloaded: P01_NW07_PRESS_3 peaks at 15899% utilisation, 600384.2 overload hours total, driven by 0 pipeline project(s). No upside shift lever available — consider rerouting or rescheduling."
high_confidence,NW15,P01_NW15_EXTRUSION_1,T-70079-D,critical,1,no_lever_available,"CRITICAL — fully overloaded: P01_NW15_EXTRUSION_1 peaks at 15876% utilisation, 890882.7 overload hours total, driven by 1 pipeline project(s). No upside shift lever available — consider rerouting or rescheduling."
high_confidence,NW10,P01_NW10_PRESS_3,T-70644-D,critical,2,no_lever_available,"CRITICAL — fully overloaded: P01_NW10_PRESS_3 peaks at 15867% utilisation, 808666.6 overload hours total, driven by 2 pipeline project(s). No upside shift lever available — consider rerouting or rescheduling."
high_confidence,NW06,P01_NW06_PRESS_4,T-70456-A,critical,2,no_lever_available,"CRITICAL — fully overloaded: P01_NW06_PRESS_4 peaks at 15306% utilisation, 1741847.4 overload hours total, driven by 2 pipeline project(s). No upside shift lever available — consider rerouting or rescheduling."
high_confidence,NW08,P01_NW08_PRESS_4,T-70172-B,critical,1,no_lever_available,"CRITICAL — fully overloaded: P01_NW08_PRESS_4 peaks at 14333% utilisation, 1653651.3 overload hours total, driven by 1 pipeline project(s). No upside shift lever available — consider rerouting or rescheduling."
high_confidence,NW01,P01_NW01_PRESS_6,T-70689-C,critical,1,no_lever_available,"CRITICAL — fully overloaded: P01_NW01_PRESS_6 peaks at 14328% utilisation, 1657891.0 overload hours total, driven by 1 pipeline project(s). No upside shift lever available — consider rerouting or rescheduling."
high_confidence,NW11,P01_NW11_PRESS_3,T-70559-D,critical,2,no_lever_available,"CRITICAL — fully overloaded: P01_NW11_PRESS_3 peaks at 14240% utilisation, 832719.1 overload hours total, driven by 2 pipeline project(s). No upside shift lever available — consider rerouting or rescheduling."
high_confidence,NW15,P01_NW15_PRESS_4,T-70443-B,critical,0,no_lever_available,"CRITICAL — fully overloaded: P01_NW15_PRESS_4 peaks at 13846% utilisation, 1460144.1 overload hours total, driven by 0 pipeline project(s). No upside shift lever available — consider rerouting or rescheduling."
high_confidence,NW15,P01_NW15_PRESS_5,T-70470-C,critical,1,no_lever_available,"CRITICAL — fully overloaded: P01_NW15_PRESS_5 peaks at 13344% utilisation, 1394621.8 overload hours total, driven by 1 pipeline project(s). No upside shift lever available — consider rerouting or rescheduling."
high_confidence,NW01,P01_NW01_PRESS_5,T-70280-B,critical,2,no_lever_available,"CRITICAL — fully overloaded: P01_NW01_PRESS_5 peaks at 12578% utilisation, 1439331.4 overload hours total, driven by 2 pipeline project(s). No upside shift lever available — consider rerouting or rescheduling."
high_confidence,NW04,P01_NW04_PRESS_4,T-70111-D,critical,1,no_lever_available,"CRITICAL — fully overloaded: P01_NW04_PRESS_4 peaks at 12456% utilisation, 1331583.3 overload hours total, driven by 1 pipeline project(s). No upside shift lever available — consider rerouting or rescheduling."
high_confidence,NW05,P01_NW05_PRESS_5,T-70020-C,critical,1,no_lever_available,"CRITICAL — fully overloaded: P01_NW05_PRESS_5 peaks at 12240% utilisation, 1492350.2 overload hours total, driven by 1 pipeline project(s). No upside shift lever available — consider rerouting or rescheduling."
high_confidence,NW09,P01_NW09_PRESS_4,T-70202-C,critical,2,no_lever_available,"CRITICAL — fully overloaded: P01_NW09_PRESS_4 peaks at 12018% utilisation, 1351773.0 overload hours total, driven by 2 pipeline project(s). No upside shift lever available — consider rerouting or rescheduling."
high_confidence,NW02,P01_NW02_PRESS_5,T-70059-B,critical,1,no_lever_available,"CRITICAL — fully overloaded: P01_NW02_PRESS_5 peaks at 11674% utilisation, 1370189.0 overload hours total, driven by 1 pipeline project(s). No upside shift lever available — consider rerouting or rescheduling."
high_confidence,NW07,P01_NW07_PRESS_4,T-70489-C,critical,2,no_lever_available,"CRITICAL — fully overloaded: P01_NW07_PRESS_4 peaks at 11485% utilisation, 1377487.2 overload hours total, driven by 2 pipeline project(s). No upside shift lever available — consider rerouting or rescheduling."
high_confidence,NW04,P01_NW04_PRESS_5,T-70585-D,critical,0,no_lever_available,"CRITICAL — fully overloaded: P01_NW04_PRESS_5 peaks at 11425% utilisation, 1213501.7 overload hours total, driven by 0 pipeline project(s). No upside shift lever available — consider rerouting or rescheduling."
high_confidence,NW03,P01_NW03_PRES_8_1,T-70564-A,critical,3,no_lever_available,"CRITICAL — fully overloaded: P01_NW03_PRES_8_1 peaks at 11359% utilisation, 1229446.9 overload hours total, driven by 3 pipeline project(s). No upside shift lever available — consider rerouting or rescheduling."
high_confidence,NW07,P01_NW07_PRESS_5,T-70050-D,critical,1,no_lever_available,"CRITICAL — fully overloaded: P01_NW07_PRESS_5 peaks at 10680% utilisation, 1272478.0 overload hours total, driven by 1 pipeline project(s). No upside shift lever available — consider rerouting or rescheduling."
high_confidence,NW10,P01_NW10_PRESS_4,T-70122-B,critical,4,no_lever_available,"CRITICAL — fully overloaded: P01_NW10_PRESS_4 peaks at 10185% utilisation, 1114575.4 overload hours total, driven by 4 pipeline project(s). No upside shift lever available — consider rerouting or rescheduling."
high_confidence,NW13,P01_NW13_PRESS_4,T-70445-D,critical,4,no_lever_available,"CRITICAL — fully overloaded: P01_NW13_PRESS_4 peaks at 9021% utilisation, 978174.9 overload hours total, driven by 4 pipeline project(s). No upside shift lever available — consider rerouting or rescheduling."
high_confidence,NW05,P01_NW05_PRESS_6,T-70573-A,critical,2,no_lever_available,"CRITICAL — fully overloaded: P01_NW05_PRESS_6 peaks at 8691% utilisation, 1060335.8 overload hours total, driven by 2 pipeline project(s). No upside shift lever available — consider rerouting or rescheduling."
high_confidence,NW11,P01_NW11_PRESS_4,T-70604-C,critical,2,no_lever_available,"CRITICAL — fully overloaded: P01_NW11_PRESS_4 peaks at 7014% utilisation, 714368.1 overload hours total, driven by 2 pipeline project(s). No upside shift lever available — consider rerouting or rescheduling."
