scope_id,quarter_id,plant,work_center,prior_quarter_bottleneck_flag,prior_quarter_overload_hours,prior_quarter_mitigation_used,carry_over_capacity_risk_flag,learning_note
mvp_3plant,2026-Q1,NW01,P01_NW01_ASSY_1,False,0.0,no_lever_available,False,NW01/P01_NW01_ASSY_1: no prior quarter data — first planning period
mvp_3plant,2026-Q2,NW01,P01_NW01_ASSY_1,True,367701.49,no_lever_available,True,"NW01/P01_NW01_ASSY_1: bottleneck persisted from 2026-Q1 into 2026-Q2 (39 prior weeks, 39 current weeks) — escalate lever: no_lever_available"
mvp_3plant,2026-Q3,NW01,P01_NW01_ASSY_1,True,388222.58,no_lever_available,True,"NW01/P01_NW01_ASSY_1: bottleneck persisted from 2026-Q2 into 2026-Q3 (39 prior weeks, 39 current weeks) — escalate lever: no_lever_available"
mvp_3plant,2026-Q4,NW01,P01_NW01_ASSY_1,True,403295.7,no_lever_available,True,"NW01/P01_NW01_ASSY_1: bottleneck persisted from 2026-Q3 into 2026-Q4 (39 prior weeks, 39 current weeks) — escalate lever: no_lever_available"
mvp_3plant,2027-Q1,NW01,P01_NW01_ASSY_1,True,387993.45,no_lever_available,True,"NW01/P01_NW01_ASSY_1: bottleneck persisted from 2026-Q4 into 2027-Q1 (39 prior weeks, 39 current weeks) — escalate lever: no_lever_available"
mvp_3plant,2027-Q2,NW01,P01_NW01_ASSY_1,True,383659.03,no_lever_available,True,"NW01/P01_NW01_ASSY_1: bottleneck persisted from 2027-Q1 into 2027-Q2 (39 prior weeks, 39 current weeks) — escalate lever: no_lever_available"
mvp_3plant,2027-Q3,NW01,P01_NW01_ASSY_1,True,359931.28,no_lever_available,True,"NW01/P01_NW01_ASSY_1: bottleneck persisted from 2027-Q2 into 2027-Q3 (39 prior weeks, 39 current weeks) — escalate lever: no_lever_available"
mvp_3plant,2027-Q4,NW01,P01_NW01_ASSY_1,True,395273.94,no_lever_available,True,"NW01/P01_NW01_ASSY_1: bottleneck persisted from 2027-Q3 into 2027-Q4 (39 prior weeks, 39 current weeks) — escalate lever: no_lever_available"
mvp_3plant,2028-Q1,NW01,P01_NW01_ASSY_1,True,395362.45,no_lever_available,True,"NW01/P01_NW01_ASSY_1: bottleneck persisted from 2027-Q4 into 2028-Q1 (39 prior weeks, 39 current weeks) — escalate lever: no_lever_available"
mvp_3plant,2028-Q2,NW01,P01_NW01_ASSY_1,True,401943.04,no_lever_available,True,"NW01/P01_NW01_ASSY_1: bottleneck persisted from 2028-Q1 into 2028-Q2 (39 prior weeks, 39 current weeks) — escalate lever: no_lever_available"
mvp_3plant,2028-Q3,NW01,P01_NW01_ASSY_1,True,403496.88,no_lever_available,True,"NW01/P01_NW01_ASSY_1: bottleneck persisted from 2028-Q2 into 2028-Q3 (39 prior weeks, 39 current weeks) — escalate lever: no_lever_available"
mvp_3plant,2028-Q4,NW01,P01_NW01_ASSY_1,True,382270.74,no_lever_available,True,"NW01/P01_NW01_ASSY_1: bottleneck persisted from 2028-Q3 into 2028-Q4 (39 prior weeks, 39 current weeks) — escalate lever: no_lever_available"
mvp_3plant,2026-Q1,NW01,P01_NW01_EXTRUSION_1,False,0.0,no_lever_available,False,NW01/P01_NW01_EXTRUSION_1: no prior quarter data — first planning period
mvp_3plant,2026-Q2,NW01,P01_NW01_EXTRUSION_1,True,318010.31,no_lever_available,True,"NW01/P01_NW01_EXTRUSION_1: bottleneck persisted from 2026-Q1 into 2026-Q2 (39 prior weeks, 39 current weeks) — escalate lever: no_lever_available"
mvp_3plant,2026-Q3,NW01,P01_NW01_EXTRUSION_1,True,327437.98,no_lever_available,True,"NW01/P01_NW01_EXTRUSION_1: bottleneck persisted from 2026-Q2 into 2026-Q3 (39 prior weeks, 39 current weeks) — escalate lever: no_lever_available"
mvp_3plant,2026-Q4,NW01,P01_NW01_EXTRUSION_1,True,326142.8,no_lever_available,True,"NW01/P01_NW01_EXTRUSION_1: bottleneck persisted from 2026-Q3 into 2026-Q4 (39 prior weeks, 39 current weeks) — escalate lever: no_lever_available"
mvp_3plant,2027-Q1,NW01,P01_NW01_EXTRUSION_1,True,320313.77,no_lever_available,True,"NW01/P01_NW01_EXTRUSION_1: bottleneck persisted from 2026-Q4 into 2027-Q1 (39 prior weeks, 39 current weeks) — escalate lever: no_lever_available"
mvp_3plant,2027-Q2,NW01,P01_NW01_EXTRUSION_1,True,330756.05,no_lever_available,True,"NW01/P01_NW01_EXTRUSION_1: bottleneck persisted from 2027-Q1 into 2027-Q2 (39 prior weeks, 39 current weeks) — escalate lever: no_lever_available"
mvp_3plant,2027-Q3,NW01,P01_NW01_EXTRUSION_1,True,327317.33,no_lever_available,True,"NW01/P01_NW01_EXTRUSION_1: bottleneck persisted from 2027-Q2 into 2027-Q3 (39 prior weeks, 39 current weeks) — escalate lever: no_lever_available"
mvp_3plant,2027-Q4,NW01,P01_NW01_EXTRUSION_1,True,330231.04,no_lever_available,True,"NW01/P01_NW01_EXTRUSION_1: bottleneck persisted from 2027-Q3 into 2027-Q4 (39 prior weeks, 39 current weeks) — escalate lever: no_lever_available"
mvp_3plant,2028-Q1,NW01,P01_NW01_EXTRUSION_1,True,304148.8,no_lever_available,True,"NW01/P01_NW01_EXTRUSION_1: bottleneck persisted from 2027-Q4 into 2028-Q1 (39 prior weeks, 39 current weeks) — escalate lever: no_lever_available"
mvp_3plant,2028-Q2,NW01,P01_NW01_EXTRUSION_1,True,315103.73,no_lever_available,True,"NW01/P01_NW01_EXTRUSION_1: bottleneck persisted from 2028-Q1 into 2028-Q2 (39 prior weeks, 39 current weeks) — escalate lever: no_lever_available"
mvp_3plant,2028-Q3,NW01,P01_NW01_EXTRUSION_1,True,321262.78,no_lever_available,True,"NW01/P01_NW01_EXTRUSION_1: bottleneck persisted from 2028-Q2 into 2028-Q3 (39 prior weeks, 39 current weeks) — escalate lever: no_lever_available"
mvp_3plant,2028-Q4,NW01,P01_NW01_EXTRUSION_1,True,318704.17,no_lever_available,True,"NW01/P01_NW01_EXTRUSION_1: bottleneck persisted from 2028-Q3 into 2028-Q4 (39 prior weeks, 39 current weeks) — escalate lever: no_lever_available"
mvp_3plant,2026-Q1,NW01,P01_NW01_GRINDING_1,False,0.0,no_lever_available,False,NW01/P01_NW01_GRINDING_1: no prior quarter data — first planning period
mvp_3plant,2026-Q2,NW01,P01_NW01_GRINDING_1,True,605152.32,no_lever_available,True,"NW01/P01_NW01_GRINDING_1: bottleneck persisted from 2026-Q1 into 2026-Q2 (39 prior weeks, 39 current weeks) — escalate lever: no_lever_available"
mvp_3plant,2026-Q3,NW01,P01_NW01_GRINDING_1,True,610252.15,no_lever_available,True,"NW01/P01_NW01_GRINDING_1: bottleneck persisted from 2026-Q2 into 2026-Q3 (39 prior weeks, 39 current weeks) — escalate lever: no_lever_available"
mvp_3plant,2026-Q4,NW01,P01_NW01_GRINDING_1,True,604882.52,no_lever_available,True,"NW01/P01_NW01_GRINDING_1: bottleneck persisted from 2026-Q3 into 2026-Q4 (39 prior weeks, 39 current weeks) — escalate lever: no_lever_available"
mvp_3plant,2027-Q1,NW01,P01_NW01_GRINDING_1,True,609327.41,no_lever_available,True,"NW01/P01_NW01_GRINDING_1: bottleneck persisted from 2026-Q4 into 2027-Q1 (39 prior weeks, 39 current weeks) — escalate lever: no_lever_available"
mvp_3plant,2027-Q2,NW01,P01_NW01_GRINDING_1,True,612906.76,no_lever_available,True,"NW01/P01_NW01_GRINDING_1: bottleneck persisted from 2027-Q1 into 2027-Q2 (39 prior weeks, 39 current weeks) — escalate lever: no_lever_available"
mvp_3plant,2027-Q3,NW01,P01_NW01_GRINDING_1,True,605777.84,no_lever_available,True,"NW01/P01_NW01_GRINDING_1: bottleneck persisted from 2027-Q2 into 2027-Q3 (39 prior weeks, 39 current weeks) — escalate lever: no_lever_available"
mvp_3plant,2027-Q4,NW01,P01_NW01_GRINDING_1,True,603613.97,no_lever_available,True,"NW01/P01_NW01_GRINDING_1: bottleneck persisted from 2027-Q3 into 2027-Q4 (39 prior weeks, 39 current weeks) — escalate lever: no_lever_available"
mvp_3plant,2028-Q1,NW01,P01_NW01_GRINDING_1,True,607292.66,no_lever_available,True,"NW01/P01_NW01_GRINDING_1: bottleneck persisted from 2027-Q4 into 2028-Q1 (39 prior weeks, 39 current weeks) — escalate lever: no_lever_available"
mvp_3plant,2028-Q2,NW01,P01_NW01_GRINDING_1,True,616713.66,no_lever_available,True,"NW01/P01_NW01_GRINDING_1: bottleneck persisted from 2028-Q1 into 2028-Q2 (39 prior weeks, 39 current weeks) — escalate lever: no_lever_available"
mvp_3plant,2028-Q3,NW01,P01_NW01_GRINDING_1,True,616128.57,no_lever_available,True,"NW01/P01_NW01_GRINDING_1: bottleneck persisted from 2028-Q2 into 2028-Q3 (39 prior weeks, 39 current weeks) — escalate lever: no_lever_available"
mvp_3plant,2028-Q4,NW01,P01_NW01_GRINDING_1,True,611100.29,no_lever_available,True,"NW01/P01_NW01_GRINDING_1: bottleneck persisted from 2028-Q3 into 2028-Q4 (39 prior weeks, 39 current weeks) — escalate lever: no_lever_available"
mvp_3plant,2026-Q1,NW01,P01_NW01_PRESS_1,False,0.0,no_lever_available,False,NW01/P01_NW01_PRESS_1: no prior quarter data — first planning period
mvp_3plant,2026-Q2,NW01,P01_NW01_PRESS_1,True,556851.41,no_lever_available,True,"NW01/P01_NW01_PRESS_1: bottleneck persisted from 2026-Q1 into 2026-Q2 (39 prior weeks, 39 current weeks) — escalate lever: no_lever_available"
mvp_3plant,2026-Q3,NW01,P01_NW01_PRESS_1,True,599051.18,no_lever_available,True,"NW01/P01_NW01_PRESS_1: bottleneck persisted from 2026-Q2 into 2026-Q3 (39 prior weeks, 39 current weeks) — escalate lever: no_lever_available"
mvp_3plant,2026-Q4,NW01,P01_NW01_PRESS_1,True,568484.0,no_lever_available,True,"NW01/P01_NW01_PRESS_1: bottleneck persisted from 2026-Q3 into 2026-Q4 (39 prior weeks, 39 current weeks) — escalate lever: no_lever_available"
mvp_3plant,2027-Q1,NW01,P01_NW01_PRESS_1,True,564583.77,no_lever_available,True,"NW01/P01_NW01_PRESS_1: bottleneck persisted from 2026-Q4 into 2027-Q1 (39 prior weeks, 39 current weeks) — escalate lever: no_lever_available"
mvp_3plant,2027-Q2,NW01,P01_NW01_PRESS_1,True,600076.48,no_lever_available,True,"NW01/P01_NW01_PRESS_1: bottleneck persisted from 2027-Q1 into 2027-Q2 (39 prior weeks, 39 current weeks) — escalate lever: no_lever_available"
mvp_3plant,2027-Q3,NW01,P01_NW01_PRESS_1,True,577840.85,no_lever_available,True,"NW01/P01_NW01_PRESS_1: bottleneck persisted from 2027-Q2 into 2027-Q3 (39 prior weeks, 39 current weeks) — escalate lever: no_lever_available"
mvp_3plant,2027-Q4,NW01,P01_NW01_PRESS_1,True,583901.3,no_lever_available,True,"NW01/P01_NW01_PRESS_1: bottleneck persisted from 2027-Q3 into 2027-Q4 (39 prior weeks, 39 current weeks) — escalate lever: no_lever_available"
mvp_3plant,2028-Q1,NW01,P01_NW01_PRESS_1,True,570433.9,no_lever_available,True,"NW01/P01_NW01_PRESS_1: bottleneck persisted from 2027-Q4 into 2028-Q1 (39 prior weeks, 39 current weeks) — escalate lever: no_lever_available"
mvp_3plant,2028-Q2,NW01,P01_NW01_PRESS_1,True,561880.21,no_lever_available,True,"NW01/P01_NW01_PRESS_1: bottleneck persisted from 2028-Q1 into 2028-Q2 (39 prior weeks, 39 current weeks) — escalate lever: no_lever_available"
mvp_3plant,2028-Q3,NW01,P01_NW01_PRESS_1,True,583230.81,no_lever_available,True,"NW01/P01_NW01_PRESS_1: bottleneck persisted from 2028-Q2 into 2028-Q3 (39 prior weeks, 39 current weeks) — escalate lever: no_lever_available"
mvp_3plant,2028-Q4,NW01,P01_NW01_PRESS_1,True,591453.66,no_lever_available,True,"NW01/P01_NW01_PRESS_1: bottleneck persisted from 2028-Q3 into 2028-Q4 (39 prior weeks, 39 current weeks) — escalate lever: no_lever_available"
mvp_3plant,2026-Q1,NW01,P01_NW01_PRESS_2,False,0.0,no_lever_available,False,NW01/P01_NW01_PRESS_2: no prior quarter data — first planning period
mvp_3plant,2026-Q2,NW01,P01_NW01_PRESS_2,True,492862.87,no_lever_available,True,"NW01/P01_NW01_PRESS_2: bottleneck persisted from 2026-Q1 into 2026-Q2 (39 prior weeks, 39 current weeks) — escalate lever: no_lever_available"
mvp_3plant,2026-Q3,NW01,P01_NW01_PRESS_2,True,482463.59,no_lever_available,True,"NW01/P01_NW01_PRESS_2: bottleneck persisted from 2026-Q2 into 2026-Q3 (39 prior weeks, 39 current weeks) — escalate lever: no_lever_available"
mvp_3plant,2026-Q4,NW01,P01_NW01_PRESS_2,True,491048.89,no_lever_available,True,"NW01/P01_NW01_PRESS_2: bottleneck persisted from 2026-Q3 into 2026-Q4 (39 prior weeks, 39 current weeks) — escalate lever: no_lever_available"
mvp_3plant,2027-Q1,NW01,P01_NW01_PRESS_2,True,484734.42,no_lever_available,True,"NW01/P01_NW01_PRESS_2: bottleneck persisted from 2026-Q4 into 2027-Q1 (39 prior weeks, 39 current weeks) — escalate lever: no_lever_available"
mvp_3plant,2027-Q2,NW01,P01_NW01_PRESS_2,True,485848.43,no_lever_available,True,"NW01/P01_NW01_PRESS_2: bottleneck persisted from 2027-Q1 into 2027-Q2 (39 prior weeks, 39 current weeks) — escalate lever: no_lever_available"
mvp_3plant,2027-Q3,NW01,P01_NW01_PRESS_2,True,494603.25,no_lever_available,True,"NW01/P01_NW01_PRESS_2: bottleneck persisted from 2027-Q2 into 2027-Q3 (39 prior weeks, 39 current weeks) — escalate lever: no_lever_available"
mvp_3plant,2027-Q4,NW01,P01_NW01_PRESS_2,True,492322.74,no_lever_available,True,"NW01/P01_NW01_PRESS_2: bottleneck persisted from 2027-Q3 into 2027-Q4 (39 prior weeks, 39 current weeks) — escalate lever: no_lever_available"
mvp_3plant,2028-Q1,NW01,P01_NW01_PRESS_2,True,485429.03,no_lever_available,True,"NW01/P01_NW01_PRESS_2: bottleneck persisted from 2027-Q4 into 2028-Q1 (39 prior weeks, 39 current weeks) — escalate lever: no_lever_available"
mvp_3plant,2028-Q2,NW01,P01_NW01_PRESS_2,True,491280.33,no_lever_available,True,"NW01/P01_NW01_PRESS_2: bottleneck persisted from 2028-Q1 into 2028-Q2 (39 prior weeks, 39 current weeks) — escalate lever: no_lever_available"
mvp_3plant,2028-Q3,NW01,P01_NW01_PRESS_2,True,494190.08,no_lever_available,True,"NW01/P01_NW01_PRESS_2: bottleneck persisted from 2028-Q2 into 2028-Q3 (39 prior weeks, 39 current weeks) — escalate lever: no_lever_available"
mvp_3plant,2028-Q4,NW01,P01_NW01_PRESS_2,True,505041.26,no_lever_available,True,"NW01/P01_NW01_PRESS_2: bottleneck persisted from 2028-Q3 into 2028-Q4 (39 prior weeks, 39 current weeks) — escalate lever: no_lever_available"
mvp_3plant,2026-Q1,NW01,P01_NW01_PRESS_3,False,0.0,no_lever_available,False,NW01/P01_NW01_PRESS_3: no prior quarter data — first planning period
mvp_3plant,2026-Q2,NW01,P01_NW01_PRESS_3,True,349399.3,no_lever_available,True,"NW01/P01_NW01_PRESS_3: bottleneck persisted from 2026-Q1 into 2026-Q2 (39 prior weeks, 39 current weeks) — escalate lever: no_lever_available"
mvp_3plant,2026-Q3,NW01,P01_NW01_PRESS_3,True,367891.66,no_lever_available,True,"NW01/P01_NW01_PRESS_3: bottleneck persisted from 2026-Q2 into 2026-Q3 (39 prior weeks, 39 current weeks) — escalate lever: no_lever_available"
mvp_3plant,2026-Q4,NW01,P01_NW01_PRESS_3,True,345670.94,no_lever_available,True,"NW01/P01_NW01_PRESS_3: bottleneck persisted from 2026-Q3 into 2026-Q4 (39 prior weeks, 39 current weeks) — escalate lever: no_lever_available"
mvp_3plant,2027-Q1,NW01,P01_NW01_PRESS_3,True,336691.5,no_lever_available,True,"NW01/P01_NW01_PRESS_3: bottleneck persisted from 2026-Q4 into 2027-Q1 (39 prior weeks, 39 current weeks) — escalate lever: no_lever_available"
mvp_3plant,2027-Q2,NW01,P01_NW01_PRESS_3,True,343154.21,no_lever_available,True,"NW01/P01_NW01_PRESS_3: bottleneck persisted from 2027-Q1 into 2027-Q2 (39 prior weeks, 39 current weeks) — escalate lever: no_lever_available"
mvp_3plant,2027-Q3,NW01,P01_NW01_PRESS_3,True,353990.18,no_lever_available,True,"NW01/P01_NW01_PRESS_3: bottleneck persisted from 2027-Q2 into 2027-Q3 (39 prior weeks, 39 current weeks) — escalate lever: no_lever_available"
mvp_3plant,2027-Q4,NW01,P01_NW01_PRESS_3,True,357767.51,no_lever_available,True,"NW01/P01_NW01_PRESS_3: bottleneck persisted from 2027-Q3 into 2027-Q4 (39 prior weeks, 39 current weeks) — escalate lever: no_lever_available"
mvp_3plant,2028-Q1,NW01,P01_NW01_PRESS_3,True,339325.52,no_lever_available,True,"NW01/P01_NW01_PRESS_3: bottleneck persisted from 2027-Q4 into 2028-Q1 (39 prior weeks, 39 current weeks) — escalate lever: no_lever_available"
mvp_3plant,2028-Q2,NW01,P01_NW01_PRESS_3,True,344955.49,no_lever_available,True,"NW01/P01_NW01_PRESS_3: bottleneck persisted from 2028-Q1 into 2028-Q2 (39 prior weeks, 39 current weeks) — escalate lever: no_lever_available"
mvp_3plant,2028-Q3,NW01,P01_NW01_PRESS_3,True,345684.77,no_lever_available,True,"NW01/P01_NW01_PRESS_3: bottleneck persisted from 2028-Q2 into 2028-Q3 (39 prior weeks, 39 current weeks) — escalate lever: no_lever_available"
mvp_3plant,2028-Q4,NW01,P01_NW01_PRESS_3,True,349420.4,no_lever_available,True,"NW01/P01_NW01_PRESS_3: bottleneck persisted from 2028-Q3 into 2028-Q4 (39 prior weeks, 39 current weeks) — escalate lever: no_lever_available"
mvp_3plant,2026-Q1,NW01,P01_NW01_PRESS_4,False,0.0,no_lever_available,False,NW01/P01_NW01_PRESS_4: no prior quarter data — first planning period
mvp_3plant,2026-Q2,NW01,P01_NW01_PRESS_4,True,440402.76,no_lever_available,True,"NW01/P01_NW01_PRESS_4: bottleneck persisted from 2026-Q1 into 2026-Q2 (39 prior weeks, 39 current weeks) — escalate lever: no_lever_available"
mvp_3plant,2026-Q3,NW01,P01_NW01_PRESS_4,True,455762.58,no_lever_available,True,"NW01/P01_NW01_PRESS_4: bottleneck persisted from 2026-Q2 into 2026-Q3 (39 prior weeks, 39 current weeks) — escalate lever: no_lever_available"
mvp_3plant,2026-Q4,NW01,P01_NW01_PRESS_4,True,436691.36,no_lever_available,True,"NW01/P01_NW01_PRESS_4: bottleneck persisted from 2026-Q3 into 2026-Q4 (39 prior weeks, 39 current weeks) — escalate lever: no_lever_available"
mvp_3plant,2027-Q1,NW01,P01_NW01_PRESS_4,True,442709.24,no_lever_available,True,"NW01/P01_NW01_PRESS_4: bottleneck persisted from 2026-Q4 into 2027-Q1 (39 prior weeks, 39 current weeks) — escalate lever: no_lever_available"
mvp_3plant,2027-Q2,NW01,P01_NW01_PRESS_4,True,423203.62,no_lever_available,True,"NW01/P01_NW01_PRESS_4: bottleneck persisted from 2027-Q1 into 2027-Q2 (39 prior weeks, 39 current weeks) — escalate lever: no_lever_available"
mvp_3plant,2027-Q3,NW01,P01_NW01_PRESS_4,True,449545.54,no_lever_available,True,"NW01/P01_NW01_PRESS_4: bottleneck persisted from 2027-Q2 into 2027-Q3 (39 prior weeks, 39 current weeks) — escalate lever: no_lever_available"
mvp_3plant,2027-Q4,NW01,P01_NW01_PRESS_4,True,446700.91,no_lever_available,True,"NW01/P01_NW01_PRESS_4: bottleneck persisted from 2027-Q3 into 2027-Q4 (39 prior weeks, 39 current weeks) — escalate lever: no_lever_available"
mvp_3plant,2028-Q1,NW01,P01_NW01_PRESS_4,True,447362.4,no_lever_available,True,"NW01/P01_NW01_PRESS_4: bottleneck persisted from 2027-Q4 into 2028-Q1 (39 prior weeks, 39 current weeks) — escalate lever: no_lever_available"
mvp_3plant,2028-Q2,NW01,P01_NW01_PRESS_4,True,433418.2,no_lever_available,True,"NW01/P01_NW01_PRESS_4: bottleneck persisted from 2028-Q1 into 2028-Q2 (39 prior weeks, 39 current weeks) — escalate lever: no_lever_available"
mvp_3plant,2028-Q3,NW01,P01_NW01_PRESS_4,True,445504.12,no_lever_available,True,"NW01/P01_NW01_PRESS_4: bottleneck persisted from 2028-Q2 into 2028-Q3 (39 prior weeks, 39 current weeks) — escalate lever: no_lever_available"
mvp_3plant,2028-Q4,NW01,P01_NW01_PRESS_4,True,446748.6,no_lever_available,True,"NW01/P01_NW01_PRESS_4: bottleneck persisted from 2028-Q3 into 2028-Q4 (39 prior weeks, 39 current weeks) — escalate lever: no_lever_available"
mvp_3plant,2026-Q1,NW01,P01_NW01_PRESS_5,False,0.0,no_lever_available,False,NW01/P01_NW01_PRESS_5: no prior quarter data — first planning period
mvp_3plant,2026-Q2,NW01,P01_NW01_PRESS_5,True,374148.76,no_lever_available,True,"NW01/P01_NW01_PRESS_5: bottleneck persisted from 2026-Q1 into 2026-Q2 (39 prior weeks, 39 current weeks) — escalate lever: no_lever_available"
mvp_3plant,2026-Q3,NW01,P01_NW01_PRESS_5,True,351921.71,no_lever_available,True,"NW01/P01_NW01_PRESS_5: bottleneck persisted from 2026-Q2 into 2026-Q3 (39 prior weeks, 39 current weeks) — escalate lever: no_lever_available"
mvp_3plant,2026-Q4,NW01,P01_NW01_PRESS_5,True,354366.54,no_lever_available,True,"NW01/P01_NW01_PRESS_5: bottleneck persisted from 2026-Q3 into 2026-Q4 (39 prior weeks, 39 current weeks) — escalate lever: no_lever_available"
mvp_3plant,2027-Q1,NW01,P01_NW01_PRESS_5,True,363085.81,no_lever_available,True,"NW01/P01_NW01_PRESS_5: bottleneck persisted from 2026-Q4 into 2027-Q1 (39 prior weeks, 39 current weeks) — escalate lever: no_lever_available"
mvp_3plant,2027-Q2,NW01,P01_NW01_PRESS_5,True,355178.22,no_lever_available,True,"NW01/P01_NW01_PRESS_5: bottleneck persisted from 2027-Q1 into 2027-Q2 (39 prior weeks, 39 current weeks) — escalate lever: no_lever_available"
mvp_3plant,2027-Q3,NW01,P01_NW01_PRESS_5,True,361626.46,no_lever_available,True,"NW01/P01_NW01_PRESS_5: bottleneck persisted from 2027-Q2 into 2027-Q3 (39 prior weeks, 39 current weeks) — escalate lever: no_lever_available"
mvp_3plant,2027-Q4,NW01,P01_NW01_PRESS_5,True,357507.02,no_lever_available,True,"NW01/P01_NW01_PRESS_5: bottleneck persisted from 2027-Q3 into 2027-Q4 (39 prior weeks, 39 current weeks) — escalate lever: no_lever_available"
mvp_3plant,2028-Q1,NW01,P01_NW01_PRESS_5,True,367728.53,no_lever_available,True,"NW01/P01_NW01_PRESS_5: bottleneck persisted from 2027-Q4 into 2028-Q1 (39 prior weeks, 39 current weeks) — escalate lever: no_lever_available"
mvp_3plant,2028-Q2,NW01,P01_NW01_PRESS_5,True,357619.74,no_lever_available,True,"NW01/P01_NW01_PRESS_5: bottleneck persisted from 2028-Q1 into 2028-Q2 (39 prior weeks, 39 current weeks) — escalate lever: no_lever_available"
mvp_3plant,2028-Q3,NW01,P01_NW01_PRESS_5,True,376471.53,no_lever_available,True,"NW01/P01_NW01_PRESS_5: bottleneck persisted from 2028-Q2 into 2028-Q3 (39 prior weeks, 39 current weeks) — escalate lever: no_lever_available"
mvp_3plant,2028-Q4,NW01,P01_NW01_PRESS_5,True,352765.89,no_lever_available,True,"NW01/P01_NW01_PRESS_5: bottleneck persisted from 2028-Q3 into 2028-Q4 (39 prior weeks, 39 current weeks) — escalate lever: no_lever_available"
mvp_3plant,2026-Q1,NW01,P01_NW01_PRESS_6,False,0.0,no_lever_available,False,NW01/P01_NW01_PRESS_6: no prior quarter data — first planning period
mvp_3plant,2026-Q2,NW01,P01_NW01_PRESS_6,True,425580.06,no_lever_available,True,"NW01/P01_NW01_PRESS_6: bottleneck persisted from 2026-Q1 into 2026-Q2 (39 prior weeks, 39 current weeks) — escalate lever: no_lever_available"
mvp_3plant,2026-Q3,NW01,P01_NW01_PRESS_6,True,396116.57,no_lever_available,True,"NW01/P01_NW01_PRESS_6: bottleneck persisted from 2026-Q2 into 2026-Q3 (39 prior weeks, 39 current weeks) — escalate lever: no_lever_available"
mvp_3plant,2026-Q4,NW01,P01_NW01_PRESS_6,True,404322.39,no_lever_available,True,"NW01/P01_NW01_PRESS_6: bottleneck persisted from 2026-Q3 into 2026-Q4 (39 prior weeks, 39 current weeks) — escalate lever: no_lever_available"
mvp_3plant,2027-Q1,NW01,P01_NW01_PRESS_6,True,411841.77,no_lever_available,True,"NW01/P01_NW01_PRESS_6: bottleneck persisted from 2026-Q4 into 2027-Q1 (39 prior weeks, 39 current weeks) — escalate lever: no_lever_available"
mvp_3plant,2027-Q2,NW01,P01_NW01_PRESS_6,True,416725.83,no_lever_available,True,"NW01/P01_NW01_PRESS_6: bottleneck persisted from 2027-Q1 into 2027-Q2 (39 prior weeks, 39 current weeks) — escalate lever: no_lever_available"
mvp_3plant,2027-Q3,NW01,P01_NW01_PRESS_6,True,407567.21,no_lever_available,True,"NW01/P01_NW01_PRESS_6: bottleneck persisted from 2027-Q2 into 2027-Q3 (39 prior weeks, 39 current weeks) — escalate lever: no_lever_available"
mvp_3plant,2027-Q4,NW01,P01_NW01_PRESS_6,True,431928.7,no_lever_available,True,"NW01/P01_NW01_PRESS_6: bottleneck persisted from 2027-Q3 into 2027-Q4 (39 prior weeks, 39 current weeks) — escalate lever: no_lever_available"
mvp_3plant,2028-Q1,NW01,P01_NW01_PRESS_6,True,424452.4,no_lever_available,True,"NW01/P01_NW01_PRESS_6: bottleneck persisted from 2027-Q4 into 2028-Q1 (39 prior weeks, 39 current weeks) — escalate lever: no_lever_available"
mvp_3plant,2028-Q2,NW01,P01_NW01_PRESS_6,True,419595.24,no_lever_available,True,"NW01/P01_NW01_PRESS_6: bottleneck persisted from 2028-Q1 into 2028-Q2 (39 prior weeks, 39 current weeks) — escalate lever: no_lever_available"
mvp_3plant,2028-Q3,NW01,P01_NW01_PRESS_6,True,415772.02,no_lever_available,True,"NW01/P01_NW01_PRESS_6: bottleneck persisted from 2028-Q2 into 2028-Q3 (39 prior weeks, 39 current weeks) — escalate lever: no_lever_available"
mvp_3plant,2028-Q4,NW01,P01_NW01_PRESS_6,True,412887.41,no_lever_available,True,"NW01/P01_NW01_PRESS_6: bottleneck persisted from 2028-Q3 into 2028-Q4 (39 prior weeks, 39 current weeks) — escalate lever: no_lever_available"
mvp_3plant,2026-Q1,NW02,P01_NW02_ASSY_1,False,0.0,no_lever_available,False,NW02/P01_NW02_ASSY_1: no prior quarter data — first planning period
mvp_3plant,2026-Q2,NW02,P01_NW02_ASSY_1,True,328991.34,no_lever_available,True,"NW02/P01_NW02_ASSY_1: bottleneck persisted from 2026-Q1 into 2026-Q2 (39 prior weeks, 39 current weeks) — escalate lever: no_lever_available"
mvp_3plant,2026-Q3,NW02,P01_NW02_ASSY_1,True,335986.68,no_lever_available,True,"NW02/P01_NW02_ASSY_1: bottleneck persisted from 2026-Q2 into 2026-Q3 (39 prior weeks, 39 current weeks) — escalate lever: no_lever_available"
mvp_3plant,2026-Q4,NW02,P01_NW02_ASSY_1,True,323612.44,no_lever_available,True,"NW02/P01_NW02_ASSY_1: bottleneck persisted from 2026-Q3 into 2026-Q4 (39 prior weeks, 39 current weeks) — escalate lever: no_lever_available"
mvp_3plant,2027-Q1,NW02,P01_NW02_ASSY_1,True,320799.68,no_lever_available,True,"NW02/P01_NW02_ASSY_1: bottleneck persisted from 2026-Q4 into 2027-Q1 (39 prior weeks, 39 current weeks) — escalate lever: no_lever_available"
mvp_3plant,2027-Q2,NW02,P01_NW02_ASSY_1,True,318440.68,no_lever_available,True,"NW02/P01_NW02_ASSY_1: bottleneck persisted from 2027-Q1 into 2027-Q2 (39 prior weeks, 39 current weeks) — escalate lever: no_lever_available"
mvp_3plant,2027-Q3,NW02,P01_NW02_ASSY_1,True,319600.25,no_lever_available,True,"NW02/P01_NW02_ASSY_1: bottleneck persisted from 2027-Q2 into 2027-Q3 (39 prior weeks, 39 current weeks) — escalate lever: no_lever_available"
mvp_3plant,2027-Q4,NW02,P01_NW02_ASSY_1,True,331722.9,no_lever_available,True,"NW02/P01_NW02_ASSY_1: bottleneck persisted from 2027-Q3 into 2027-Q4 (39 prior weeks, 39 current weeks) — escalate lever: no_lever_available"
mvp_3plant,2028-Q1,NW02,P01_NW02_ASSY_1,True,341393.03,no_lever_available,True,"NW02/P01_NW02_ASSY_1: bottleneck persisted from 2027-Q4 into 2028-Q1 (39 prior weeks, 39 current weeks) — escalate lever: no_lever_available"
mvp_3plant,2028-Q2,NW02,P01_NW02_ASSY_1,True,311882.93,no_lever_available,True,"NW02/P01_NW02_ASSY_1: bottleneck persisted from 2028-Q1 into 2028-Q2 (39 prior weeks, 39 current weeks) — escalate lever: no_lever_available"
mvp_3plant,2028-Q3,NW02,P01_NW02_ASSY_1,True,337541.44,no_lever_available,True,"NW02/P01_NW02_ASSY_1: bottleneck persisted from 2028-Q2 into 2028-Q3 (39 prior weeks, 39 current weeks) — escalate lever: no_lever_available"
mvp_3plant,2028-Q4,NW02,P01_NW02_ASSY_1,True,325932.26,no_lever_available,True,"NW02/P01_NW02_ASSY_1: bottleneck persisted from 2028-Q3 into 2028-Q4 (39 prior weeks, 39 current weeks) — escalate lever: no_lever_available"
mvp_3plant,2026-Q1,NW02,P01_NW02_EXTRUSION_1,False,0.0,no_lever_available,False,NW02/P01_NW02_EXTRUSION_1: no prior quarter data — first planning period
mvp_3plant,2026-Q2,NW02,P01_NW02_EXTRUSION_1,True,247940.2,no_lever_available,True,"NW02/P01_NW02_EXTRUSION_1: bottleneck persisted from 2026-Q1 into 2026-Q2 (39 prior weeks, 39 current weeks) — escalate lever: no_lever_available"
mvp_3plant,2026-Q3,NW02,P01_NW02_EXTRUSION_1,True,248062.91,no_lever_available,True,"NW02/P01_NW02_EXTRUSION_1: bottleneck persisted from 2026-Q2 into 2026-Q3 (39 prior weeks, 39 current weeks) — escalate lever: no_lever_available"
mvp_3plant,2026-Q4,NW02,P01_NW02_EXTRUSION_1,True,255213.57,no_lever_available,True,"NW02/P01_NW02_EXTRUSION_1: bottleneck persisted from 2026-Q3 into 2026-Q4 (39 prior weeks, 39 current weeks) — escalate lever: no_lever_available"
mvp_3plant,2027-Q1,NW02,P01_NW02_EXTRUSION_1,True,243804.85,no_lever_available,True,"NW02/P01_NW02_EXTRUSION_1: bottleneck persisted from 2026-Q4 into 2027-Q1 (39 prior weeks, 39 current weeks) — escalate lever: no_lever_available"
mvp_3plant,2027-Q2,NW02,P01_NW02_EXTRUSION_1,True,248655.33,no_lever_available,True,"NW02/P01_NW02_EXTRUSION_1: bottleneck persisted from 2027-Q1 into 2027-Q2 (39 prior weeks, 39 current weeks) — escalate lever: no_lever_available"
mvp_3plant,2027-Q3,NW02,P01_NW02_EXTRUSION_1,True,249978.55,no_lever_available,True,"NW02/P01_NW02_EXTRUSION_1: bottleneck persisted from 2027-Q2 into 2027-Q3 (39 prior weeks, 39 current weeks) — escalate lever: no_lever_available"
mvp_3plant,2027-Q4,NW02,P01_NW02_EXTRUSION_1,True,236208.68,no_lever_available,True,"NW02/P01_NW02_EXTRUSION_1: bottleneck persisted from 2027-Q3 into 2027-Q4 (39 prior weeks, 39 current weeks) — escalate lever: no_lever_available"
mvp_3plant,2028-Q1,NW02,P01_NW02_EXTRUSION_1,True,250841.56,no_lever_available,True,"NW02/P01_NW02_EXTRUSION_1: bottleneck persisted from 2027-Q4 into 2028-Q1 (39 prior weeks, 39 current weeks) — escalate lever: no_lever_available"
mvp_3plant,2028-Q2,NW02,P01_NW02_EXTRUSION_1,True,252692.77,no_lever_available,True,"NW02/P01_NW02_EXTRUSION_1: bottleneck persisted from 2028-Q1 into 2028-Q2 (39 prior weeks, 39 current weeks) — escalate lever: no_lever_available"
mvp_3plant,2028-Q3,NW02,P01_NW02_EXTRUSION_1,True,251917.17,no_lever_available,True,"NW02/P01_NW02_EXTRUSION_1: bottleneck persisted from 2028-Q2 into 2028-Q3 (39 prior weeks, 39 current weeks) — escalate lever: no_lever_available"
mvp_3plant,2028-Q4,NW02,P01_NW02_EXTRUSION_1,True,248551.58,no_lever_available,True,"NW02/P01_NW02_EXTRUSION_1: bottleneck persisted from 2028-Q3 into 2028-Q4 (39 prior weeks, 39 current weeks) — escalate lever: no_lever_available"
mvp_3plant,2026-Q1,NW02,P01_NW02_GRINDING_1,False,0.0,no_lever_available,False,NW02/P01_NW02_GRINDING_1: no prior quarter data — first planning period
mvp_3plant,2026-Q2,NW02,P01_NW02_GRINDING_1,True,179937.66,no_lever_available,True,"NW02/P01_NW02_GRINDING_1: bottleneck persisted from 2026-Q1 into 2026-Q2 (39 prior weeks, 39 current weeks) — escalate lever: no_lever_available"
mvp_3plant,2026-Q3,NW02,P01_NW02_GRINDING_1,True,178087.04,no_lever_available,True,"NW02/P01_NW02_GRINDING_1: bottleneck persisted from 2026-Q2 into 2026-Q3 (39 prior weeks, 39 current weeks) — escalate lever: no_lever_available"
mvp_3plant,2026-Q4,NW02,P01_NW02_GRINDING_1,True,184144.3,no_lever_available,True,"NW02/P01_NW02_GRINDING_1: bottleneck persisted from 2026-Q3 into 2026-Q4 (39 prior weeks, 39 current weeks) — escalate lever: no_lever_available"
mvp_3plant,2027-Q1,NW02,P01_NW02_GRINDING_1,True,180627.73,no_lever_available,True,"NW02/P01_NW02_GRINDING_1: bottleneck persisted from 2026-Q4 into 2027-Q1 (39 prior weeks, 39 current weeks) — escalate lever: no_lever_available"
mvp_3plant,2027-Q2,NW02,P01_NW02_GRINDING_1,True,175758.83,no_lever_available,True,"NW02/P01_NW02_GRINDING_1: bottleneck persisted from 2027-Q1 into 2027-Q2 (39 prior weeks, 39 current weeks) — escalate lever: no_lever_available"
mvp_3plant,2027-Q3,NW02,P01_NW02_GRINDING_1,True,174512.06,no_lever_available,True,"NW02/P01_NW02_GRINDING_1: bottleneck persisted from 2027-Q2 into 2027-Q3 (39 prior weeks, 39 current weeks) — escalate lever: no_lever_available"
mvp_3plant,2027-Q4,NW02,P01_NW02_GRINDING_1,True,188952.47,no_lever_available,True,"NW02/P01_NW02_GRINDING_1: bottleneck persisted from 2027-Q3 into 2027-Q4 (39 prior weeks, 39 current weeks) — escalate lever: no_lever_available"
mvp_3plant,2028-Q1,NW02,P01_NW02_GRINDING_1,True,180233.95,no_lever_available,True,"NW02/P01_NW02_GRINDING_1: bottleneck persisted from 2027-Q4 into 2028-Q1 (39 prior weeks, 39 current weeks) — escalate lever: no_lever_available"
mvp_3plant,2028-Q2,NW02,P01_NW02_GRINDING_1,True,188890.93,no_lever_available,True,"NW02/P01_NW02_GRINDING_1: bottleneck persisted from 2028-Q1 into 2028-Q2 (39 prior weeks, 39 current weeks) — escalate lever: no_lever_available"
mvp_3plant,2028-Q3,NW02,P01_NW02_GRINDING_1,True,184345.55,no_lever_available,True,"NW02/P01_NW02_GRINDING_1: bottleneck persisted from 2028-Q2 into 2028-Q3 (39 prior weeks, 39 current weeks) — escalate lever: no_lever_available"
mvp_3plant,2028-Q4,NW02,P01_NW02_GRINDING_1,True,184043.59,no_lever_available,True,"NW02/P01_NW02_GRINDING_1: bottleneck persisted from 2028-Q3 into 2028-Q4 (39 prior weeks, 39 current weeks) — escalate lever: no_lever_available"
mvp_3plant,2026-Q1,NW02,P01_NW02_LATHE_1,False,0.0,no_lever_available,False,NW02/P01_NW02_LATHE_1: no prior quarter data — first planning period
mvp_3plant,2026-Q2,NW02,P01_NW02_LATHE_1,True,260947.66,no_lever_available,True,"NW02/P01_NW02_LATHE_1: bottleneck persisted from 2026-Q1 into 2026-Q2 (39 prior weeks, 39 current weeks) — escalate lever: no_lever_available"
mvp_3plant,2026-Q3,NW02,P01_NW02_LATHE_1,True,286489.05,no_lever_available,True,"NW02/P01_NW02_LATHE_1: bottleneck persisted from 2026-Q2 into 2026-Q3 (39 prior weeks, 39 current weeks) — escalate lever: no_lever_available"
mvp_3plant,2026-Q4,NW02,P01_NW02_LATHE_1,True,265500.7,no_lever_available,True,"NW02/P01_NW02_LATHE_1: bottleneck persisted from 2026-Q3 into 2026-Q4 (39 prior weeks, 39 current weeks) — escalate lever: no_lever_available"
mvp_3plant,2027-Q1,NW02,P01_NW02_LATHE_1,True,270979.06,no_lever_available,True,"NW02/P01_NW02_LATHE_1: bottleneck persisted from 2026-Q4 into 2027-Q1 (39 prior weeks, 39 current weeks) — escalate lever: no_lever_available"
mvp_3plant,2027-Q2,NW02,P01_NW02_LATHE_1,True,279620.26,no_lever_available,True,"NW02/P01_NW02_LATHE_1: bottleneck persisted from 2027-Q1 into 2027-Q2 (39 prior weeks, 39 current weeks) — escalate lever: no_lever_available"
mvp_3plant,2027-Q3,NW02,P01_NW02_LATHE_1,True,276941.34,no_lever_available,True,"NW02/P01_NW02_LATHE_1: bottleneck persisted from 2027-Q2 into 2027-Q3 (39 prior weeks, 39 current weeks) — escalate lever: no_lever_available"
mvp_3plant,2027-Q4,NW02,P01_NW02_LATHE_1,True,258575.0,no_lever_available,True,"NW02/P01_NW02_LATHE_1: bottleneck persisted from 2027-Q3 into 2027-Q4 (39 prior weeks, 39 current weeks) — escalate lever: no_lever_available"
mvp_3plant,2028-Q1,NW02,P01_NW02_LATHE_1,True,269311.66,no_lever_available,True,"NW02/P01_NW02_LATHE_1: bottleneck persisted from 2027-Q4 into 2028-Q1 (39 prior weeks, 39 current weeks) — escalate lever: no_lever_available"
mvp_3plant,2028-Q2,NW02,P01_NW02_LATHE_1,True,268733.3,no_lever_available,True,"NW02/P01_NW02_LATHE_1: bottleneck persisted from 2028-Q1 into 2028-Q2 (39 prior weeks, 39 current weeks) — escalate lever: no_lever_available"
mvp_3plant,2028-Q3,NW02,P01_NW02_LATHE_1,True,269737.02,no_lever_available,True,"NW02/P01_NW02_LATHE_1: bottleneck persisted from 2028-Q2 into 2028-Q3 (39 prior weeks, 39 current weeks) — escalate lever: no_lever_available"
mvp_3plant,2028-Q4,NW02,P01_NW02_LATHE_1,True,272477.49,no_lever_available,True,"NW02/P01_NW02_LATHE_1: bottleneck persisted from 2028-Q3 into 2028-Q4 (39 prior weeks, 39 current weeks) — escalate lever: no_lever_available"
mvp_3plant,2026-Q1,NW02,P01_NW02_PRESS_1,False,0.0,no_lever_available,False,NW02/P01_NW02_PRESS_1: no prior quarter data — first planning period
mvp_3plant,2026-Q2,NW02,P01_NW02_PRESS_1,True,224094.72,no_lever_available,True,"NW02/P01_NW02_PRESS_1: bottleneck persisted from 2026-Q1 into 2026-Q2 (39 prior weeks, 39 current weeks) — escalate lever: no_lever_available"
mvp_3plant,2026-Q3,NW02,P01_NW02_PRESS_1,True,214949.61,no_lever_available,True,"NW02/P01_NW02_PRESS_1: bottleneck persisted from 2026-Q2 into 2026-Q3 (39 prior weeks, 39 current weeks) — escalate lever: no_lever_available"
mvp_3plant,2026-Q4,NW02,P01_NW02_PRESS_1,True,213627.44,no_lever_available,True,"NW02/P01_NW02_PRESS_1: bottleneck persisted from 2026-Q3 into 2026-Q4 (39 prior weeks, 39 current weeks) — escalate lever: no_lever_available"
mvp_3plant,2027-Q1,NW02,P01_NW02_PRESS_1,True,217935.73,no_lever_available,True,"NW02/P01_NW02_PRESS_1: bottleneck persisted from 2026-Q4 into 2027-Q1 (39 prior weeks, 39 current weeks) — escalate lever: no_lever_available"
mvp_3plant,2027-Q2,NW02,P01_NW02_PRESS_1,True,223941.87,no_lever_available,True,"NW02/P01_NW02_PRESS_1: bottleneck persisted from 2027-Q1 into 2027-Q2 (39 prior weeks, 39 current weeks) — escalate lever: no_lever_available"
mvp_3plant,2027-Q3,NW02,P01_NW02_PRESS_1,True,211008.22,no_lever_available,True,"NW02/P01_NW02_PRESS_1: bottleneck persisted from 2027-Q2 into 2027-Q3 (39 prior weeks, 39 current weeks) — escalate lever: no_lever_available"
mvp_3plant,2027-Q4,NW02,P01_NW02_PRESS_1,True,207529.18,no_lever_available,True,"NW02/P01_NW02_PRESS_1: bottleneck persisted from 2027-Q3 into 2027-Q4 (39 prior weeks, 39 current weeks) — escalate lever: no_lever_available"
mvp_3plant,2028-Q1,NW02,P01_NW02_PRESS_1,True,211921.01,no_lever_available,True,"NW02/P01_NW02_PRESS_1: bottleneck persisted from 2027-Q4 into 2028-Q1 (39 prior weeks, 39 current weeks) — escalate lever: no_lever_available"
mvp_3plant,2028-Q2,NW02,P01_NW02_PRESS_1,True,210044.61,no_lever_available,True,"NW02/P01_NW02_PRESS_1: bottleneck persisted from 2028-Q1 into 2028-Q2 (39 prior weeks, 39 current weeks) — escalate lever: no_lever_available"
mvp_3plant,2028-Q3,NW02,P01_NW02_PRESS_1,True,216246.78,no_lever_available,True,"NW02/P01_NW02_PRESS_1: bottleneck persisted from 2028-Q2 into 2028-Q3 (39 prior weeks, 39 current weeks) — escalate lever: no_lever_available"
mvp_3plant,2028-Q4,NW02,P01_NW02_PRESS_1,True,216527.35,no_lever_available,True,"NW02/P01_NW02_PRESS_1: bottleneck persisted from 2028-Q3 into 2028-Q4 (39 prior weeks, 39 current weeks) — escalate lever: no_lever_available"
mvp_3plant,2026-Q1,NW02,P01_NW02_PRESS_2,False,0.0,no_lever_available,False,NW02/P01_NW02_PRESS_2: no prior quarter data — first planning period
mvp_3plant,2026-Q2,NW02,P01_NW02_PRESS_2,True,350484.96,no_lever_available,True,"NW02/P01_NW02_PRESS_2: bottleneck persisted from 2026-Q1 into 2026-Q2 (39 prior weeks, 39 current weeks) — escalate lever: no_lever_available"
mvp_3plant,2026-Q3,NW02,P01_NW02_PRESS_2,True,332394.81,no_lever_available,True,"NW02/P01_NW02_PRESS_2: bottleneck persisted from 2026-Q2 into 2026-Q3 (39 prior weeks, 39 current weeks) — escalate lever: no_lever_available"
mvp_3plant,2026-Q4,NW02,P01_NW02_PRESS_2,True,334471.48,no_lever_available,True,"NW02/P01_NW02_PRESS_2: bottleneck persisted from 2026-Q3 into 2026-Q4 (39 prior weeks, 39 current weeks) — escalate lever: no_lever_available"
mvp_3plant,2027-Q1,NW02,P01_NW02_PRESS_2,True,333850.93,no_lever_available,True,"NW02/P01_NW02_PRESS_2: bottleneck persisted from 2026-Q4 into 2027-Q1 (39 prior weeks, 39 current weeks) — escalate lever: no_lever_available"
mvp_3plant,2027-Q2,NW02,P01_NW02_PRESS_2,True,345945.55,no_lever_available,True,"NW02/P01_NW02_PRESS_2: bottleneck persisted from 2027-Q1 into 2027-Q2 (39 prior weeks, 39 current weeks) — escalate lever: no_lever_available"
mvp_3plant,2027-Q3,NW02,P01_NW02_PRESS_2,True,343995.07,no_lever_available,True,"NW02/P01_NW02_PRESS_2: bottleneck persisted from 2027-Q2 into 2027-Q3 (39 prior weeks, 39 current weeks) — escalate lever: no_lever_available"
mvp_3plant,2027-Q4,NW02,P01_NW02_PRESS_2,True,330160.86,no_lever_available,True,"NW02/P01_NW02_PRESS_2: bottleneck persisted from 2027-Q3 into 2027-Q4 (39 prior weeks, 39 current weeks) — escalate lever: no_lever_available"
mvp_3plant,2028-Q1,NW02,P01_NW02_PRESS_2,True,343367.65,no_lever_available,True,"NW02/P01_NW02_PRESS_2: bottleneck persisted from 2027-Q4 into 2028-Q1 (39 prior weeks, 39 current weeks) — escalate lever: no_lever_available"
mvp_3plant,2028-Q2,NW02,P01_NW02_PRESS_2,True,339912.4,no_lever_available,True,"NW02/P01_NW02_PRESS_2: bottleneck persisted from 2028-Q1 into 2028-Q2 (39 prior weeks, 39 current weeks) — escalate lever: no_lever_available"
mvp_3plant,2028-Q3,NW02,P01_NW02_PRESS_2,True,349895.53,no_lever_available,True,"NW02/P01_NW02_PRESS_2: bottleneck persisted from 2028-Q2 into 2028-Q3 (39 prior weeks, 39 current weeks) — escalate lever: no_lever_available"
mvp_3plant,2028-Q4,NW02,P01_NW02_PRESS_2,True,330286.83,no_lever_available,True,"NW02/P01_NW02_PRESS_2: bottleneck persisted from 2028-Q3 into 2028-Q4 (39 prior weeks, 39 current weeks) — escalate lever: no_lever_available"
mvp_3plant,2026-Q1,NW02,P01_NW02_PRESS_3,False,0.0,no_lever_available,False,NW02/P01_NW02_PRESS_3: no prior quarter data — first planning period
mvp_3plant,2026-Q2,NW02,P01_NW02_PRESS_3,True,159201.86,no_lever_available,True,"NW02/P01_NW02_PRESS_3: bottleneck persisted from 2026-Q1 into 2026-Q2 (39 prior weeks, 39 current weeks) — escalate lever: no_lever_available"
mvp_3plant,2026-Q3,NW02,P01_NW02_PRESS_3,True,157189.02,no_lever_available,True,"NW02/P01_NW02_PRESS_3: bottleneck persisted from 2026-Q2 into 2026-Q3 (39 prior weeks, 39 current weeks) — escalate lever: no_lever_available"
mvp_3plant,2026-Q4,NW02,P01_NW02_PRESS_3,True,158330.11,no_lever_available,True,"NW02/P01_NW02_PRESS_3: bottleneck persisted from 2026-Q3 into 2026-Q4 (39 prior weeks, 39 current weeks) — escalate lever: no_lever_available"
mvp_3plant,2027-Q1,NW02,P01_NW02_PRESS_3,True,148849.23,no_lever_available,True,"NW02/P01_NW02_PRESS_3: bottleneck persisted from 2026-Q4 into 2027-Q1 (39 prior weeks, 39 current weeks) — escalate lever: no_lever_available"
mvp_3plant,2027-Q2,NW02,P01_NW02_PRESS_3,True,159644.51,no_lever_available,True,"NW02/P01_NW02_PRESS_3: bottleneck persisted from 2027-Q1 into 2027-Q2 (39 prior weeks, 39 current weeks) — escalate lever: no_lever_available"
mvp_3plant,2027-Q3,NW02,P01_NW02_PRESS_3,True,159603.51,no_lever_available,True,"NW02/P01_NW02_PRESS_3: bottleneck persisted from 2027-Q2 into 2027-Q3 (39 prior weeks, 39 current weeks) — escalate lever: no_lever_available"
mvp_3plant,2027-Q4,NW02,P01_NW02_PRESS_3,True,159699.46,no_lever_available,True,"NW02/P01_NW02_PRESS_3: bottleneck persisted from 2027-Q3 into 2027-Q4 (39 prior weeks, 39 current weeks) — escalate lever: no_lever_available"
mvp_3plant,2028-Q1,NW02,P01_NW02_PRESS_3,True,151899.48,no_lever_available,True,"NW02/P01_NW02_PRESS_3: bottleneck persisted from 2027-Q4 into 2028-Q1 (39 prior weeks, 39 current weeks) — escalate lever: no_lever_available"
mvp_3plant,2028-Q2,NW02,P01_NW02_PRESS_3,True,153614.45,no_lever_available,True,"NW02/P01_NW02_PRESS_3: bottleneck persisted from 2028-Q1 into 2028-Q2 (39 prior weeks, 39 current weeks) — escalate lever: no_lever_available"
mvp_3plant,2028-Q3,NW02,P01_NW02_PRESS_3,True,158422.15,no_lever_available,True,"NW02/P01_NW02_PRESS_3: bottleneck persisted from 2028-Q2 into 2028-Q3 (39 prior weeks, 39 current weeks) — escalate lever: no_lever_available"
mvp_3plant,2028-Q4,NW02,P01_NW02_PRESS_3,True,158003.3,no_lever_available,True,"NW02/P01_NW02_PRESS_3: bottleneck persisted from 2028-Q3 into 2028-Q4 (39 prior weeks, 39 current weeks) — escalate lever: no_lever_available"
mvp_3plant,2026-Q1,NW02,P01_NW02_PRESS_4,False,0.0,no_lever_available,False,NW02/P01_NW02_PRESS_4: no prior quarter data — first planning period
mvp_3plant,2026-Q2,NW02,P01_NW02_PRESS_4,True,198287.6,no_lever_available,True,"NW02/P01_NW02_PRESS_4: bottleneck persisted from 2026-Q1 into 2026-Q2 (39 prior weeks, 39 current weeks) — escalate lever: no_lever_available"
mvp_3plant,2026-Q3,NW02,P01_NW02_PRESS_4,True,201801.63,no_lever_available,True,"NW02/P01_NW02_PRESS_4: bottleneck persisted from 2026-Q2 into 2026-Q3 (39 prior weeks, 39 current weeks) — escalate lever: no_lever_available"
mvp_3plant,2026-Q4,NW02,P01_NW02_PRESS_4,True,201190.71,no_lever_available,True,"NW02/P01_NW02_PRESS_4: bottleneck persisted from 2026-Q3 into 2026-Q4 (39 prior weeks, 39 current weeks) — escalate lever: no_lever_available"
mvp_3plant,2027-Q1,NW02,P01_NW02_PRESS_4,True,193102.35,no_lever_available,True,"NW02/P01_NW02_PRESS_4: bottleneck persisted from 2026-Q4 into 2027-Q1 (39 prior weeks, 39 current weeks) — escalate lever: no_lever_available"
mvp_3plant,2027-Q2,NW02,P01_NW02_PRESS_4,True,191854.61,no_lever_available,True,"NW02/P01_NW02_PRESS_4: bottleneck persisted from 2027-Q1 into 2027-Q2 (39 prior weeks, 39 current weeks) — escalate lever: no_lever_available"
mvp_3plant,2027-Q3,NW02,P01_NW02_PRESS_4,True,206502.73,no_lever_available,True,"NW02/P01_NW02_PRESS_4: bottleneck persisted from 2027-Q2 into 2027-Q3 (39 prior weeks, 39 current weeks) — escalate lever: no_lever_available"
mvp_3plant,2027-Q4,NW02,P01_NW02_PRESS_4,True,205909.28,no_lever_available,True,"NW02/P01_NW02_PRESS_4: bottleneck persisted from 2027-Q3 into 2027-Q4 (39 prior weeks, 39 current weeks) — escalate lever: no_lever_available"
mvp_3plant,2028-Q1,NW02,P01_NW02_PRESS_4,True,199128.57,no_lever_available,True,"NW02/P01_NW02_PRESS_4: bottleneck persisted from 2027-Q4 into 2028-Q1 (39 prior weeks, 39 current weeks) — escalate lever: no_lever_available"
mvp_3plant,2028-Q2,NW02,P01_NW02_PRESS_4,True,205703.62,no_lever_available,True,"NW02/P01_NW02_PRESS_4: bottleneck persisted from 2028-Q1 into 2028-Q2 (39 prior weeks, 39 current weeks) — escalate lever: no_lever_available"
mvp_3plant,2028-Q3,NW02,P01_NW02_PRESS_4,True,203656.58,no_lever_available,True,"NW02/P01_NW02_PRESS_4: bottleneck persisted from 2028-Q2 into 2028-Q3 (39 prior weeks, 39 current weeks) — escalate lever: no_lever_available"
mvp_3plant,2028-Q4,NW02,P01_NW02_PRESS_4,True,197679.31,no_lever_available,True,"NW02/P01_NW02_PRESS_4: bottleneck persisted from 2028-Q3 into 2028-Q4 (39 prior weeks, 39 current weeks) — escalate lever: no_lever_available"
mvp_3plant,2026-Q1,NW02,P01_NW02_PRESS_5,False,0.0,no_lever_available,False,NW02/P01_NW02_PRESS_5: no prior quarter data — first planning period
mvp_3plant,2026-Q2,NW02,P01_NW02_PRESS_5,True,348645.13,no_lever_available,True,"NW02/P01_NW02_PRESS_5: bottleneck persisted from 2026-Q1 into 2026-Q2 (39 prior weeks, 39 current weeks) — escalate lever: no_lever_available"
mvp_3plant,2026-Q3,NW02,P01_NW02_PRESS_5,True,352514.32,no_lever_available,True,"NW02/P01_NW02_PRESS_5: bottleneck persisted from 2026-Q2 into 2026-Q3 (39 prior weeks, 39 current weeks) — escalate lever: no_lever_available"
mvp_3plant,2026-Q4,NW02,P01_NW02_PRESS_5,True,351916.15,no_lever_available,True,"NW02/P01_NW02_PRESS_5: bottleneck persisted from 2026-Q3 into 2026-Q4 (39 prior weeks, 39 current weeks) — escalate lever: no_lever_available"
mvp_3plant,2027-Q1,NW02,P01_NW02_PRESS_5,True,335997.74,no_lever_available,True,"NW02/P01_NW02_PRESS_5: bottleneck persisted from 2026-Q4 into 2027-Q1 (39 prior weeks, 39 current weeks) — escalate lever: no_lever_available"
mvp_3plant,2027-Q2,NW02,P01_NW02_PRESS_5,True,347388.14,no_lever_available,True,"NW02/P01_NW02_PRESS_5: bottleneck persisted from 2027-Q1 into 2027-Q2 (39 prior weeks, 39 current weeks) — escalate lever: no_lever_available"
mvp_3plant,2027-Q3,NW02,P01_NW02_PRESS_5,True,352284.14,no_lever_available,True,"NW02/P01_NW02_PRESS_5: bottleneck persisted from 2027-Q2 into 2027-Q3 (39 prior weeks, 39 current weeks) — escalate lever: no_lever_available"
mvp_3plant,2027-Q4,NW02,P01_NW02_PRESS_5,True,329698.53,no_lever_available,True,"NW02/P01_NW02_PRESS_5: bottleneck persisted from 2027-Q3 into 2027-Q4 (39 prior weeks, 39 current weeks) — escalate lever: no_lever_available"
mvp_3plant,2028-Q1,NW02,P01_NW02_PRESS_5,True,338287.38,no_lever_available,True,"NW02/P01_NW02_PRESS_5: bottleneck persisted from 2027-Q4 into 2028-Q1 (39 prior weeks, 39 current weeks) — escalate lever: no_lever_available"
mvp_3plant,2028-Q2,NW02,P01_NW02_PRESS_5,True,340421.9,no_lever_available,True,"NW02/P01_NW02_PRESS_5: bottleneck persisted from 2028-Q1 into 2028-Q2 (39 prior weeks, 39 current weeks) — escalate lever: no_lever_available"
mvp_3plant,2028-Q3,NW02,P01_NW02_PRESS_5,True,324540.02,no_lever_available,True,"NW02/P01_NW02_PRESS_5: bottleneck persisted from 2028-Q2 into 2028-Q3 (39 prior weeks, 39 current weeks) — escalate lever: no_lever_available"
mvp_3plant,2028-Q4,NW02,P01_NW02_PRESS_5,True,337322.28,no_lever_available,True,"NW02/P01_NW02_PRESS_5: bottleneck persisted from 2028-Q3 into 2028-Q4 (39 prior weeks, 39 current weeks) — escalate lever: no_lever_available"
mvp_3plant,2026-Q1,NW02,P01_NW02_PRESS_6,False,0.0,no_lever_available,False,NW02/P01_NW02_PRESS_6: no prior quarter data — first planning period
mvp_3plant,2026-Q2,NW02,P01_NW02_PRESS_6,True,521094.18,no_lever_available,True,"NW02/P01_NW02_PRESS_6: bottleneck persisted from 2026-Q1 into 2026-Q2 (39 prior weeks, 39 current weeks) — escalate lever: no_lever_available"
mvp_3plant,2026-Q3,NW02,P01_NW02_PRESS_6,True,533418.35,no_lever_available,True,"NW02/P01_NW02_PRESS_6: bottleneck persisted from 2026-Q2 into 2026-Q3 (39 prior weeks, 39 current weeks) — escalate lever: no_lever_available"
mvp_3plant,2026-Q4,NW02,P01_NW02_PRESS_6,True,546952.99,no_lever_available,True,"NW02/P01_NW02_PRESS_6: bottleneck persisted from 2026-Q3 into 2026-Q4 (39 prior weeks, 39 current weeks) — escalate lever: no_lever_available"
mvp_3plant,2027-Q1,NW02,P01_NW02_PRESS_6,True,542077.3,no_lever_available,True,"NW02/P01_NW02_PRESS_6: bottleneck persisted from 2026-Q4 into 2027-Q1 (39 prior weeks, 39 current weeks) — escalate lever: no_lever_available"
mvp_3plant,2027-Q2,NW02,P01_NW02_PRESS_6,True,524026.95,no_lever_available,True,"NW02/P01_NW02_PRESS_6: bottleneck persisted from 2027-Q1 into 2027-Q2 (39 prior weeks, 39 current weeks) — escalate lever: no_lever_available"
mvp_3plant,2027-Q3,NW02,P01_NW02_PRESS_6,True,530375.69,no_lever_available,True,"NW02/P01_NW02_PRESS_6: bottleneck persisted from 2027-Q2 into 2027-Q3 (39 prior weeks, 39 current weeks) — escalate lever: no_lever_available"
mvp_3plant,2027-Q4,NW02,P01_NW02_PRESS_6,True,552788.41,no_lever_available,True,"NW02/P01_NW02_PRESS_6: bottleneck persisted from 2027-Q3 into 2027-Q4 (39 prior weeks, 39 current weeks) — escalate lever: no_lever_available"
mvp_3plant,2028-Q1,NW02,P01_NW02_PRESS_6,True,564913.95,no_lever_available,True,"NW02/P01_NW02_PRESS_6: bottleneck persisted from 2027-Q4 into 2028-Q1 (39 prior weeks, 39 current weeks) — escalate lever: no_lever_available"
mvp_3plant,2028-Q2,NW02,P01_NW02_PRESS_6,True,554129.95,no_lever_available,True,"NW02/P01_NW02_PRESS_6: bottleneck persisted from 2028-Q1 into 2028-Q2 (39 prior weeks, 39 current weeks) — escalate lever: no_lever_available"
mvp_3plant,2028-Q3,NW02,P01_NW02_PRESS_6,True,517130.63,no_lever_available,True,"NW02/P01_NW02_PRESS_6: bottleneck persisted from 2028-Q2 into 2028-Q3 (39 prior weeks, 39 current weeks) — escalate lever: no_lever_available"
mvp_3plant,2028-Q4,NW02,P01_NW02_PRESS_6,True,558191.92,no_lever_available,True,"NW02/P01_NW02_PRESS_6: bottleneck persisted from 2028-Q3 into 2028-Q4 (39 prior weeks, 39 current weeks) — escalate lever: no_lever_available"
mvp_3plant,2026-Q1,NW05,P01_NW05_ASSY_1,False,0.0,no_lever_available,False,NW05/P01_NW05_ASSY_1: no prior quarter data — first planning period
mvp_3plant,2026-Q2,NW05,P01_NW05_ASSY_1,True,282422.81,no_lever_available,True,"NW05/P01_NW05_ASSY_1: bottleneck persisted from 2026-Q1 into 2026-Q2 (39 prior weeks, 39 current weeks) — escalate lever: no_lever_available"
mvp_3plant,2026-Q3,NW05,P01_NW05_ASSY_1,True,289782.75,no_lever_available,True,"NW05/P01_NW05_ASSY_1: bottleneck persisted from 2026-Q2 into 2026-Q3 (39 prior weeks, 39 current weeks) — escalate lever: no_lever_available"
mvp_3plant,2026-Q4,NW05,P01_NW05_ASSY_1,True,276985.18,no_lever_available,True,"NW05/P01_NW05_ASSY_1: bottleneck persisted from 2026-Q3 into 2026-Q4 (39 prior weeks, 39 current weeks) — escalate lever: no_lever_available"
mvp_3plant,2027-Q1,NW05,P01_NW05_ASSY_1,True,282266.15,no_lever_available,True,"NW05/P01_NW05_ASSY_1: bottleneck persisted from 2026-Q4 into 2027-Q1 (39 prior weeks, 39 current weeks) — escalate lever: no_lever_available"
mvp_3plant,2027-Q2,NW05,P01_NW05_ASSY_1,True,281584.21,no_lever_available,True,"NW05/P01_NW05_ASSY_1: bottleneck persisted from 2027-Q1 into 2027-Q2 (39 prior weeks, 39 current weeks) — escalate lever: no_lever_available"
mvp_3plant,2027-Q3,NW05,P01_NW05_ASSY_1,True,278785.51,no_lever_available,True,"NW05/P01_NW05_ASSY_1: bottleneck persisted from 2027-Q2 into 2027-Q3 (39 prior weeks, 39 current weeks) — escalate lever: no_lever_available"
mvp_3plant,2027-Q4,NW05,P01_NW05_ASSY_1,True,276728.19,no_lever_available,True,"NW05/P01_NW05_ASSY_1: bottleneck persisted from 2027-Q3 into 2027-Q4 (39 prior weeks, 39 current weeks) — escalate lever: no_lever_available"
mvp_3plant,2028-Q1,NW05,P01_NW05_ASSY_1,True,282285.93,no_lever_available,True,"NW05/P01_NW05_ASSY_1: bottleneck persisted from 2027-Q4 into 2028-Q1 (39 prior weeks, 39 current weeks) — escalate lever: no_lever_available"
mvp_3plant,2028-Q2,NW05,P01_NW05_ASSY_1,True,284762.55,no_lever_available,True,"NW05/P01_NW05_ASSY_1: bottleneck persisted from 2028-Q1 into 2028-Q2 (39 prior weeks, 39 current weeks) — escalate lever: no_lever_available"
mvp_3plant,2028-Q3,NW05,P01_NW05_ASSY_1,True,286440.4,no_lever_available,True,"NW05/P01_NW05_ASSY_1: bottleneck persisted from 2028-Q2 into 2028-Q3 (39 prior weeks, 39 current weeks) — escalate lever: no_lever_available"
mvp_3plant,2028-Q4,NW05,P01_NW05_ASSY_1,True,284288.48,no_lever_available,True,"NW05/P01_NW05_ASSY_1: bottleneck persisted from 2028-Q3 into 2028-Q4 (39 prior weeks, 39 current weeks) — escalate lever: no_lever_available"
mvp_3plant,2026-Q1,NW05,P01_NW05_EXTRUSION_1,False,0.0,no_lever_available,False,NW05/P01_NW05_EXTRUSION_1: no prior quarter data — first planning period
mvp_3plant,2026-Q2,NW05,P01_NW05_EXTRUSION_1,True,203537.14,no_lever_available,True,"NW05/P01_NW05_EXTRUSION_1: bottleneck persisted from 2026-Q1 into 2026-Q2 (39 prior weeks, 39 current weeks) — escalate lever: no_lever_available"
mvp_3plant,2026-Q3,NW05,P01_NW05_EXTRUSION_1,True,210675.55,no_lever_available,True,"NW05/P01_NW05_EXTRUSION_1: bottleneck persisted from 2026-Q2 into 2026-Q3 (39 prior weeks, 39 current weeks) — escalate lever: no_lever_available"
mvp_3plant,2026-Q4,NW05,P01_NW05_EXTRUSION_1,True,207431.17,no_lever_available,True,"NW05/P01_NW05_EXTRUSION_1: bottleneck persisted from 2026-Q3 into 2026-Q4 (39 prior weeks, 39 current weeks) — escalate lever: no_lever_available"
mvp_3plant,2027-Q1,NW05,P01_NW05_EXTRUSION_1,True,206102.34,no_lever_available,True,"NW05/P01_NW05_EXTRUSION_1: bottleneck persisted from 2026-Q4 into 2027-Q1 (39 prior weeks, 39 current weeks) — escalate lever: no_lever_available"
mvp_3plant,2027-Q2,NW05,P01_NW05_EXTRUSION_1,True,211422.37,no_lever_available,True,"NW05/P01_NW05_EXTRUSION_1: bottleneck persisted from 2027-Q1 into 2027-Q2 (39 prior weeks, 39 current weeks) — escalate lever: no_lever_available"
mvp_3plant,2027-Q3,NW05,P01_NW05_EXTRUSION_1,True,196688.89,no_lever_available,True,"NW05/P01_NW05_EXTRUSION_1: bottleneck persisted from 2027-Q2 into 2027-Q3 (39 prior weeks, 39 current weeks) — escalate lever: no_lever_available"
mvp_3plant,2027-Q4,NW05,P01_NW05_EXTRUSION_1,True,201722.76,no_lever_available,True,"NW05/P01_NW05_EXTRUSION_1: bottleneck persisted from 2027-Q3 into 2027-Q4 (39 prior weeks, 39 current weeks) — escalate lever: no_lever_available"
mvp_3plant,2028-Q1,NW05,P01_NW05_EXTRUSION_1,True,197215.46,no_lever_available,True,"NW05/P01_NW05_EXTRUSION_1: bottleneck persisted from 2027-Q4 into 2028-Q1 (39 prior weeks, 39 current weeks) — escalate lever: no_lever_available"
mvp_3plant,2028-Q2,NW05,P01_NW05_EXTRUSION_1,True,198153.92,no_lever_available,True,"NW05/P01_NW05_EXTRUSION_1: bottleneck persisted from 2028-Q1 into 2028-Q2 (39 prior weeks, 39 current weeks) — escalate lever: no_lever_available"
mvp_3plant,2028-Q3,NW05,P01_NW05_EXTRUSION_1,True,207999.93,no_lever_available,True,"NW05/P01_NW05_EXTRUSION_1: bottleneck persisted from 2028-Q2 into 2028-Q3 (39 prior weeks, 39 current weeks) — escalate lever: no_lever_available"
mvp_3plant,2028-Q4,NW05,P01_NW05_EXTRUSION_1,True,200480.52,no_lever_available,True,"NW05/P01_NW05_EXTRUSION_1: bottleneck persisted from 2028-Q3 into 2028-Q4 (39 prior weeks, 39 current weeks) — escalate lever: no_lever_available"
mvp_3plant,2026-Q1,NW05,P01_NW05_GRINDING_1,False,0.0,no_lever_available,False,NW05/P01_NW05_GRINDING_1: no prior quarter data — first planning period
mvp_3plant,2026-Q2,NW05,P01_NW05_GRINDING_1,True,211359.39,no_lever_available,True,"NW05/P01_NW05_GRINDING_1: bottleneck persisted from 2026-Q1 into 2026-Q2 (39 prior weeks, 39 current weeks) — escalate lever: no_lever_available"
mvp_3plant,2026-Q3,NW05,P01_NW05_GRINDING_1,True,201215.1,no_lever_available,True,"NW05/P01_NW05_GRINDING_1: bottleneck persisted from 2026-Q2 into 2026-Q3 (39 prior weeks, 39 current weeks) — escalate lever: no_lever_available"
mvp_3plant,2026-Q4,NW05,P01_NW05_GRINDING_1,True,208939.56,no_lever_available,True,"NW05/P01_NW05_GRINDING_1: bottleneck persisted from 2026-Q3 into 2026-Q4 (39 prior weeks, 39 current weeks) — escalate lever: no_lever_available"
mvp_3plant,2027-Q1,NW05,P01_NW05_GRINDING_1,True,213633.15,no_lever_available,True,"NW05/P01_NW05_GRINDING_1: bottleneck persisted from 2026-Q4 into 2027-Q1 (39 prior weeks, 39 current weeks) — escalate lever: no_lever_available"
mvp_3plant,2027-Q2,NW05,P01_NW05_GRINDING_1,True,211127.26,no_lever_available,True,"NW05/P01_NW05_GRINDING_1: bottleneck persisted from 2027-Q1 into 2027-Q2 (39 prior weeks, 39 current weeks) — escalate lever: no_lever_available"
mvp_3plant,2027-Q3,NW05,P01_NW05_GRINDING_1,True,212719.44,no_lever_available,True,"NW05/P01_NW05_GRINDING_1: bottleneck persisted from 2027-Q2 into 2027-Q3 (39 prior weeks, 39 current weeks) — escalate lever: no_lever_available"
mvp_3plant,2027-Q4,NW05,P01_NW05_GRINDING_1,True,219457.91,no_lever_available,True,"NW05/P01_NW05_GRINDING_1: bottleneck persisted from 2027-Q3 into 2027-Q4 (39 prior weeks, 39 current weeks) — escalate lever: no_lever_available"
mvp_3plant,2028-Q1,NW05,P01_NW05_GRINDING_1,True,213245.28,no_lever_available,True,"NW05/P01_NW05_GRINDING_1: bottleneck persisted from 2027-Q4 into 2028-Q1 (39 prior weeks, 39 current weeks) — escalate lever: no_lever_available"
mvp_3plant,2028-Q2,NW05,P01_NW05_GRINDING_1,True,206351.56,no_lever_available,True,"NW05/P01_NW05_GRINDING_1: bottleneck persisted from 2028-Q1 into 2028-Q2 (39 prior weeks, 39 current weeks) — escalate lever: no_lever_available"
mvp_3plant,2028-Q3,NW05,P01_NW05_GRINDING_1,True,214837.75,no_lever_available,True,"NW05/P01_NW05_GRINDING_1: bottleneck persisted from 2028-Q2 into 2028-Q3 (39 prior weeks, 39 current weeks) — escalate lever: no_lever_available"
mvp_3plant,2028-Q4,NW05,P01_NW05_GRINDING_1,True,208053.43,no_lever_available,True,"NW05/P01_NW05_GRINDING_1: bottleneck persisted from 2028-Q3 into 2028-Q4 (39 prior weeks, 39 current weeks) — escalate lever: no_lever_available"
mvp_3plant,2026-Q1,NW05,P01_NW05_OVEN_1,False,0.0,no_lever_available,False,NW05/P01_NW05_OVEN_1: no prior quarter data — first planning period
mvp_3plant,2026-Q2,NW05,P01_NW05_OVEN_1,True,162001.4,no_lever_available,True,"NW05/P01_NW05_OVEN_1: bottleneck persisted from 2026-Q1 into 2026-Q2 (39 prior weeks, 39 current weeks) — escalate lever: no_lever_available"
mvp_3plant,2026-Q3,NW05,P01_NW05_OVEN_1,True,152547.18,no_lever_available,True,"NW05/P01_NW05_OVEN_1: bottleneck persisted from 2026-Q2 into 2026-Q3 (39 prior weeks, 39 current weeks) — escalate lever: no_lever_available"
mvp_3plant,2026-Q4,NW05,P01_NW05_OVEN_1,True,167641.12,no_lever_available,True,"NW05/P01_NW05_OVEN_1: bottleneck persisted from 2026-Q3 into 2026-Q4 (39 prior weeks, 39 current weeks) — escalate lever: no_lever_available"
mvp_3plant,2027-Q1,NW05,P01_NW05_OVEN_1,True,157981.39,no_lever_available,True,"NW05/P01_NW05_OVEN_1: bottleneck persisted from 2026-Q4 into 2027-Q1 (39 prior weeks, 39 current weeks) — escalate lever: no_lever_available"
mvp_3plant,2027-Q2,NW05,P01_NW05_OVEN_1,True,164667.46,no_lever_available,True,"NW05/P01_NW05_OVEN_1: bottleneck persisted from 2027-Q1 into 2027-Q2 (39 prior weeks, 39 current weeks) — escalate lever: no_lever_available"
mvp_3plant,2027-Q3,NW05,P01_NW05_OVEN_1,True,156257.28,no_lever_available,True,"NW05/P01_NW05_OVEN_1: bottleneck persisted from 2027-Q2 into 2027-Q3 (39 prior weeks, 39 current weeks) — escalate lever: no_lever_available"
mvp_3plant,2027-Q4,NW05,P01_NW05_OVEN_1,True,164123.34,no_lever_available,True,"NW05/P01_NW05_OVEN_1: bottleneck persisted from 2027-Q3 into 2027-Q4 (39 prior weeks, 39 current weeks) — escalate lever: no_lever_available"
mvp_3plant,2028-Q1,NW05,P01_NW05_OVEN_1,True,158281.24,no_lever_available,True,"NW05/P01_NW05_OVEN_1: bottleneck persisted from 2027-Q4 into 2028-Q1 (39 prior weeks, 39 current weeks) — escalate lever: no_lever_available"
mvp_3plant,2028-Q2,NW05,P01_NW05_OVEN_1,True,159056.9,no_lever_available,True,"NW05/P01_NW05_OVEN_1: bottleneck persisted from 2028-Q1 into 2028-Q2 (39 prior weeks, 39 current weeks) — escalate lever: no_lever_available"
mvp_3plant,2028-Q3,NW05,P01_NW05_OVEN_1,True,157045.99,no_lever_available,True,"NW05/P01_NW05_OVEN_1: bottleneck persisted from 2028-Q2 into 2028-Q3 (39 prior weeks, 39 current weeks) — escalate lever: no_lever_available"
mvp_3plant,2028-Q4,NW05,P01_NW05_OVEN_1,True,156954.09,no_lever_available,True,"NW05/P01_NW05_OVEN_1: bottleneck persisted from 2028-Q3 into 2028-Q4 (39 prior weeks, 39 current weeks) — escalate lever: no_lever_available"
mvp_3plant,2026-Q1,NW05,P01_NW05_PRESS_1,False,0.0,no_lever_available,False,NW05/P01_NW05_PRESS_1: no prior quarter data — first planning period
mvp_3plant,2026-Q2,NW05,P01_NW05_PRESS_1,True,342519.78,no_lever_available,True,"NW05/P01_NW05_PRESS_1: bottleneck persisted from 2026-Q1 into 2026-Q2 (39 prior weeks, 39 current weeks) — escalate lever: no_lever_available"
mvp_3plant,2026-Q3,NW05,P01_NW05_PRESS_1,True,355334.49,no_lever_available,True,"NW05/P01_NW05_PRESS_1: bottleneck persisted from 2026-Q2 into 2026-Q3 (39 prior weeks, 39 current weeks) — escalate lever: no_lever_available"
mvp_3plant,2026-Q4,NW05,P01_NW05_PRESS_1,True,367116.82,no_lever_available,True,"NW05/P01_NW05_PRESS_1: bottleneck persisted from 2026-Q3 into 2026-Q4 (39 prior weeks, 39 current weeks) — escalate lever: no_lever_available"
mvp_3plant,2027-Q1,NW05,P01_NW05_PRESS_1,True,348327.39,no_lever_available,True,"NW05/P01_NW05_PRESS_1: bottleneck persisted from 2026-Q4 into 2027-Q1 (39 prior weeks, 39 current weeks) — escalate lever: no_lever_available"
mvp_3plant,2027-Q2,NW05,P01_NW05_PRESS_1,True,352768.74,no_lever_available,True,"NW05/P01_NW05_PRESS_1: bottleneck persisted from 2027-Q1 into 2027-Q2 (39 prior weeks, 39 current weeks) — escalate lever: no_lever_available"
mvp_3plant,2027-Q3,NW05,P01_NW05_PRESS_1,True,344336.65,no_lever_available,True,"NW05/P01_NW05_PRESS_1: bottleneck persisted from 2027-Q2 into 2027-Q3 (39 prior weeks, 39 current weeks) — escalate lever: no_lever_available"
mvp_3plant,2027-Q4,NW05,P01_NW05_PRESS_1,True,350424.71,no_lever_available,True,"NW05/P01_NW05_PRESS_1: bottleneck persisted from 2027-Q3 into 2027-Q4 (39 prior weeks, 39 current weeks) — escalate lever: no_lever_available"
mvp_3plant,2028-Q1,NW05,P01_NW05_PRESS_1,True,357835.36,no_lever_available,True,"NW05/P01_NW05_PRESS_1: bottleneck persisted from 2027-Q4 into 2028-Q1 (39 prior weeks, 39 current weeks) — escalate lever: no_lever_available"
mvp_3plant,2028-Q2,NW05,P01_NW05_PRESS_1,True,345572.07,no_lever_available,True,"NW05/P01_NW05_PRESS_1: bottleneck persisted from 2028-Q1 into 2028-Q2 (39 prior weeks, 39 current weeks) — escalate lever: no_lever_available"
mvp_3plant,2028-Q3,NW05,P01_NW05_PRESS_1,True,345851.38,no_lever_available,True,"NW05/P01_NW05_PRESS_1: bottleneck persisted from 2028-Q2 into 2028-Q3 (39 prior weeks, 39 current weeks) — escalate lever: no_lever_available"
mvp_3plant,2028-Q4,NW05,P01_NW05_PRESS_1,True,357565.09,no_lever_available,True,"NW05/P01_NW05_PRESS_1: bottleneck persisted from 2028-Q3 into 2028-Q4 (39 prior weeks, 39 current weeks) — escalate lever: no_lever_available"
mvp_3plant,2026-Q1,NW05,P01_NW05_PRESS_2,False,0.0,no_lever_available,False,NW05/P01_NW05_PRESS_2: no prior quarter data — first planning period
mvp_3plant,2026-Q2,NW05,P01_NW05_PRESS_2,True,287352.37,no_lever_available,True,"NW05/P01_NW05_PRESS_2: bottleneck persisted from 2026-Q1 into 2026-Q2 (39 prior weeks, 39 current weeks) — escalate lever: no_lever_available"
mvp_3plant,2026-Q3,NW05,P01_NW05_PRESS_2,True,296174.53,no_lever_available,True,"NW05/P01_NW05_PRESS_2: bottleneck persisted from 2026-Q2 into 2026-Q3 (39 prior weeks, 39 current weeks) — escalate lever: no_lever_available"
mvp_3plant,2026-Q4,NW05,P01_NW05_PRESS_2,True,304244.94,no_lever_available,True,"NW05/P01_NW05_PRESS_2: bottleneck persisted from 2026-Q3 into 2026-Q4 (39 prior weeks, 39 current weeks) — escalate lever: no_lever_available"
mvp_3plant,2027-Q1,NW05,P01_NW05_PRESS_2,True,288359.2,no_lever_available,True,"NW05/P01_NW05_PRESS_2: bottleneck persisted from 2026-Q4 into 2027-Q1 (39 prior weeks, 39 current weeks) — escalate lever: no_lever_available"
mvp_3plant,2027-Q2,NW05,P01_NW05_PRESS_2,True,290123.14,no_lever_available,True,"NW05/P01_NW05_PRESS_2: bottleneck persisted from 2027-Q1 into 2027-Q2 (39 prior weeks, 39 current weeks) — escalate lever: no_lever_available"
mvp_3plant,2027-Q3,NW05,P01_NW05_PRESS_2,True,302466.7,no_lever_available,True,"NW05/P01_NW05_PRESS_2: bottleneck persisted from 2027-Q2 into 2027-Q3 (39 prior weeks, 39 current weeks) — escalate lever: no_lever_available"
mvp_3plant,2027-Q4,NW05,P01_NW05_PRESS_2,True,296046.98,no_lever_available,True,"NW05/P01_NW05_PRESS_2: bottleneck persisted from 2027-Q3 into 2027-Q4 (39 prior weeks, 39 current weeks) — escalate lever: no_lever_available"
mvp_3plant,2028-Q1,NW05,P01_NW05_PRESS_2,True,309670.68,no_lever_available,True,"NW05/P01_NW05_PRESS_2: bottleneck persisted from 2027-Q4 into 2028-Q1 (39 prior weeks, 39 current weeks) — escalate lever: no_lever_available"
mvp_3plant,2028-Q2,NW05,P01_NW05_PRESS_2,True,301882.55,no_lever_available,True,"NW05/P01_NW05_PRESS_2: bottleneck persisted from 2028-Q1 into 2028-Q2 (39 prior weeks, 39 current weeks) — escalate lever: no_lever_available"
mvp_3plant,2028-Q3,NW05,P01_NW05_PRESS_2,True,289055.82,no_lever_available,True,"NW05/P01_NW05_PRESS_2: bottleneck persisted from 2028-Q2 into 2028-Q3 (39 prior weeks, 39 current weeks) — escalate lever: no_lever_available"
mvp_3plant,2028-Q4,NW05,P01_NW05_PRESS_2,True,300904.8,no_lever_available,True,"NW05/P01_NW05_PRESS_2: bottleneck persisted from 2028-Q3 into 2028-Q4 (39 prior weeks, 39 current weeks) — escalate lever: no_lever_available"
mvp_3plant,2026-Q1,NW05,P01_NW05_PRESS_3,False,0.0,no_lever_available,False,NW05/P01_NW05_PRESS_3: no prior quarter data — first planning period
mvp_3plant,2026-Q2,NW05,P01_NW05_PRESS_3,True,276681.04,no_lever_available,True,"NW05/P01_NW05_PRESS_3: bottleneck persisted from 2026-Q1 into 2026-Q2 (39 prior weeks, 39 current weeks) — escalate lever: no_lever_available"
mvp_3plant,2026-Q3,NW05,P01_NW05_PRESS_3,True,271441.49,no_lever_available,True,"NW05/P01_NW05_PRESS_3: bottleneck persisted from 2026-Q2 into 2026-Q3 (39 prior weeks, 39 current weeks) — escalate lever: no_lever_available"
mvp_3plant,2026-Q4,NW05,P01_NW05_PRESS_3,True,291100.89,no_lever_available,True,"NW05/P01_NW05_PRESS_3: bottleneck persisted from 2026-Q3 into 2026-Q4 (39 prior weeks, 39 current weeks) — escalate lever: no_lever_available"
mvp_3plant,2027-Q1,NW05,P01_NW05_PRESS_3,True,279997.43,no_lever_available,True,"NW05/P01_NW05_PRESS_3: bottleneck persisted from 2026-Q4 into 2027-Q1 (39 prior weeks, 39 current weeks) — escalate lever: no_lever_available"
mvp_3plant,2027-Q2,NW05,P01_NW05_PRESS_3,True,287176.37,no_lever_available,True,"NW05/P01_NW05_PRESS_3: bottleneck persisted from 2027-Q1 into 2027-Q2 (39 prior weeks, 39 current weeks) — escalate lever: no_lever_available"
mvp_3plant,2027-Q3,NW05,P01_NW05_PRESS_3,True,269515.17,no_lever_available,True,"NW05/P01_NW05_PRESS_3: bottleneck persisted from 2027-Q2 into 2027-Q3 (39 prior weeks, 39 current weeks) — escalate lever: no_lever_available"
mvp_3plant,2027-Q4,NW05,P01_NW05_PRESS_3,True,276650.69,no_lever_available,True,"NW05/P01_NW05_PRESS_3: bottleneck persisted from 2027-Q3 into 2027-Q4 (39 prior weeks, 39 current weeks) — escalate lever: no_lever_available"
mvp_3plant,2028-Q1,NW05,P01_NW05_PRESS_3,True,282313.37,no_lever_available,True,"NW05/P01_NW05_PRESS_3: bottleneck persisted from 2027-Q4 into 2028-Q1 (39 prior weeks, 39 current weeks) — escalate lever: no_lever_available"
mvp_3plant,2028-Q2,NW05,P01_NW05_PRESS_3,True,285620.18,no_lever_available,True,"NW05/P01_NW05_PRESS_3: bottleneck persisted from 2028-Q1 into 2028-Q2 (39 prior weeks, 39 current weeks) — escalate lever: no_lever_available"
mvp_3plant,2028-Q3,NW05,P01_NW05_PRESS_3,True,278692.51,no_lever_available,True,"NW05/P01_NW05_PRESS_3: bottleneck persisted from 2028-Q2 into 2028-Q3 (39 prior weeks, 39 current weeks) — escalate lever: no_lever_available"
mvp_3plant,2028-Q4,NW05,P01_NW05_PRESS_3,True,289003.91,no_lever_available,True,"NW05/P01_NW05_PRESS_3: bottleneck persisted from 2028-Q3 into 2028-Q4 (39 prior weeks, 39 current weeks) — escalate lever: no_lever_available"
mvp_3plant,2026-Q1,NW05,P01_NW05_PRESS_4,False,0.0,no_lever_available,False,NW05/P01_NW05_PRESS_4: no prior quarter data — first planning period
mvp_3plant,2026-Q2,NW05,P01_NW05_PRESS_4,True,183570.58,no_lever_available,True,"NW05/P01_NW05_PRESS_4: bottleneck persisted from 2026-Q1 into 2026-Q2 (39 prior weeks, 39 current weeks) — escalate lever: no_lever_available"
mvp_3plant,2026-Q3,NW05,P01_NW05_PRESS_4,True,173222.42,no_lever_available,True,"NW05/P01_NW05_PRESS_4: bottleneck persisted from 2026-Q2 into 2026-Q3 (39 prior weeks, 39 current weeks) — escalate lever: no_lever_available"
mvp_3plant,2026-Q4,NW05,P01_NW05_PRESS_4,True,177184.07,no_lever_available,True,"NW05/P01_NW05_PRESS_4: bottleneck persisted from 2026-Q3 into 2026-Q4 (39 prior weeks, 39 current weeks) — escalate lever: no_lever_available"
mvp_3plant,2027-Q1,NW05,P01_NW05_PRESS_4,True,182183.92,no_lever_available,True,"NW05/P01_NW05_PRESS_4: bottleneck persisted from 2026-Q4 into 2027-Q1 (39 prior weeks, 39 current weeks) — escalate lever: no_lever_available"
mvp_3plant,2027-Q2,NW05,P01_NW05_PRESS_4,True,182600.47,no_lever_available,True,"NW05/P01_NW05_PRESS_4: bottleneck persisted from 2027-Q1 into 2027-Q2 (39 prior weeks, 39 current weeks) — escalate lever: no_lever_available"
mvp_3plant,2027-Q3,NW05,P01_NW05_PRESS_4,True,183660.11,no_lever_available,True,"NW05/P01_NW05_PRESS_4: bottleneck persisted from 2027-Q2 into 2027-Q3 (39 prior weeks, 39 current weeks) — escalate lever: no_lever_available"
mvp_3plant,2027-Q4,NW05,P01_NW05_PRESS_4,True,175531.55,no_lever_available,True,"NW05/P01_NW05_PRESS_4: bottleneck persisted from 2027-Q3 into 2027-Q4 (39 prior weeks, 39 current weeks) — escalate lever: no_lever_available"
mvp_3plant,2028-Q1,NW05,P01_NW05_PRESS_4,True,171589.81,no_lever_available,True,"NW05/P01_NW05_PRESS_4: bottleneck persisted from 2027-Q4 into 2028-Q1 (39 prior weeks, 39 current weeks) — escalate lever: no_lever_available"
mvp_3plant,2028-Q2,NW05,P01_NW05_PRESS_4,True,174036.21,no_lever_available,True,"NW05/P01_NW05_PRESS_4: bottleneck persisted from 2028-Q1 into 2028-Q2 (39 prior weeks, 39 current weeks) — escalate lever: no_lever_available"
mvp_3plant,2028-Q3,NW05,P01_NW05_PRESS_4,True,176945.94,no_lever_available,True,"NW05/P01_NW05_PRESS_4: bottleneck persisted from 2028-Q2 into 2028-Q3 (39 prior weeks, 39 current weeks) — escalate lever: no_lever_available"
mvp_3plant,2028-Q4,NW05,P01_NW05_PRESS_4,True,172731.6,no_lever_available,True,"NW05/P01_NW05_PRESS_4: bottleneck persisted from 2028-Q3 into 2028-Q4 (39 prior weeks, 39 current weeks) — escalate lever: no_lever_available"
mvp_3plant,2026-Q1,NW05,P01_NW05_PRESS_5,False,0.0,no_lever_available,False,NW05/P01_NW05_PRESS_5: no prior quarter data — first planning period
mvp_3plant,2026-Q2,NW05,P01_NW05_PRESS_5,True,363836.4,no_lever_available,True,"NW05/P01_NW05_PRESS_5: bottleneck persisted from 2026-Q1 into 2026-Q2 (39 prior weeks, 39 current weeks) — escalate lever: no_lever_available"
mvp_3plant,2026-Q3,NW05,P01_NW05_PRESS_5,True,359643.96,no_lever_available,True,"NW05/P01_NW05_PRESS_5: bottleneck persisted from 2026-Q2 into 2026-Q3 (39 prior weeks, 39 current weeks) — escalate lever: no_lever_available"
mvp_3plant,2026-Q4,NW05,P01_NW05_PRESS_5,True,366818.51,no_lever_available,True,"NW05/P01_NW05_PRESS_5: bottleneck persisted from 2026-Q3 into 2026-Q4 (39 prior weeks, 39 current weeks) — escalate lever: no_lever_available"
mvp_3plant,2027-Q1,NW05,P01_NW05_PRESS_5,True,379264.96,no_lever_available,True,"NW05/P01_NW05_PRESS_5: bottleneck persisted from 2026-Q4 into 2027-Q1 (39 prior weeks, 39 current weeks) — escalate lever: no_lever_available"
mvp_3plant,2027-Q2,NW05,P01_NW05_PRESS_5,True,374492.84,no_lever_available,True,"NW05/P01_NW05_PRESS_5: bottleneck persisted from 2027-Q1 into 2027-Q2 (39 prior weeks, 39 current weeks) — escalate lever: no_lever_available"
mvp_3plant,2027-Q3,NW05,P01_NW05_PRESS_5,True,385220.18,no_lever_available,True,"NW05/P01_NW05_PRESS_5: bottleneck persisted from 2027-Q2 into 2027-Q3 (39 prior weeks, 39 current weeks) — escalate lever: no_lever_available"
mvp_3plant,2027-Q4,NW05,P01_NW05_PRESS_5,True,364820.7,no_lever_available,True,"NW05/P01_NW05_PRESS_5: bottleneck persisted from 2027-Q3 into 2027-Q4 (39 prior weeks, 39 current weeks) — escalate lever: no_lever_available"
mvp_3plant,2028-Q1,NW05,P01_NW05_PRESS_5,True,362682.65,no_lever_available,True,"NW05/P01_NW05_PRESS_5: bottleneck persisted from 2027-Q4 into 2028-Q1 (39 prior weeks, 39 current weeks) — escalate lever: no_lever_available"
mvp_3plant,2028-Q2,NW05,P01_NW05_PRESS_5,True,383559.27,no_lever_available,True,"NW05/P01_NW05_PRESS_5: bottleneck persisted from 2028-Q1 into 2028-Q2 (39 prior weeks, 39 current weeks) — escalate lever: no_lever_available"
mvp_3plant,2028-Q3,NW05,P01_NW05_PRESS_5,True,383072.43,no_lever_available,True,"NW05/P01_NW05_PRESS_5: bottleneck persisted from 2028-Q2 into 2028-Q3 (39 prior weeks, 39 current weeks) — escalate lever: no_lever_available"
mvp_3plant,2028-Q4,NW05,P01_NW05_PRESS_5,True,392057.69,no_lever_available,True,"NW05/P01_NW05_PRESS_5: bottleneck persisted from 2028-Q3 into 2028-Q4 (39 prior weeks, 39 current weeks) — escalate lever: no_lever_available"
mvp_3plant,2026-Q1,NW05,P01_NW05_PRESS_6,False,0.0,no_lever_available,False,NW05/P01_NW05_PRESS_6: no prior quarter data — first planning period
mvp_3plant,2026-Q2,NW05,P01_NW05_PRESS_6,True,273395.11,no_lever_available,True,"NW05/P01_NW05_PRESS_6: bottleneck persisted from 2026-Q1 into 2026-Q2 (39 prior weeks, 39 current weeks) — escalate lever: no_lever_available"
mvp_3plant,2026-Q3,NW05,P01_NW05_PRESS_6,True,264761.71,no_lever_available,True,"NW05/P01_NW05_PRESS_6: bottleneck persisted from 2026-Q2 into 2026-Q3 (39 prior weeks, 39 current weeks) — escalate lever: no_lever_available"
mvp_3plant,2026-Q4,NW05,P01_NW05_PRESS_6,True,253847.81,no_lever_available,True,"NW05/P01_NW05_PRESS_6: bottleneck persisted from 2026-Q3 into 2026-Q4 (39 prior weeks, 39 current weeks) — escalate lever: no_lever_available"
mvp_3plant,2027-Q1,NW05,P01_NW05_PRESS_6,True,263053.67,no_lever_available,True,"NW05/P01_NW05_PRESS_6: bottleneck persisted from 2026-Q4 into 2027-Q1 (39 prior weeks, 39 current weeks) — escalate lever: no_lever_available"
mvp_3plant,2027-Q2,NW05,P01_NW05_PRESS_6,True,266017.36,no_lever_available,True,"NW05/P01_NW05_PRESS_6: bottleneck persisted from 2027-Q1 into 2027-Q2 (39 prior weeks, 39 current weeks) — escalate lever: no_lever_available"
mvp_3plant,2027-Q3,NW05,P01_NW05_PRESS_6,True,264608.41,no_lever_available,True,"NW05/P01_NW05_PRESS_6: bottleneck persisted from 2027-Q2 into 2027-Q3 (39 prior weeks, 39 current weeks) — escalate lever: no_lever_available"
mvp_3plant,2027-Q4,NW05,P01_NW05_PRESS_6,True,253166.64,no_lever_available,True,"NW05/P01_NW05_PRESS_6: bottleneck persisted from 2027-Q3 into 2027-Q4 (39 prior weeks, 39 current weeks) — escalate lever: no_lever_available"
mvp_3plant,2028-Q1,NW05,P01_NW05_PRESS_6,True,271389.49,no_lever_available,True,"NW05/P01_NW05_PRESS_6: bottleneck persisted from 2027-Q4 into 2028-Q1 (39 prior weeks, 39 current weeks) — escalate lever: no_lever_available"
mvp_3plant,2028-Q2,NW05,P01_NW05_PRESS_6,True,263823.05,no_lever_available,True,"NW05/P01_NW05_PRESS_6: bottleneck persisted from 2028-Q1 into 2028-Q2 (39 prior weeks, 39 current weeks) — escalate lever: no_lever_available"
mvp_3plant,2028-Q3,NW05,P01_NW05_PRESS_6,True,262315.14,no_lever_available,True,"NW05/P01_NW05_PRESS_6: bottleneck persisted from 2028-Q2 into 2028-Q3 (39 prior weeks, 39 current weeks) — escalate lever: no_lever_available"
mvp_3plant,2028-Q4,NW05,P01_NW05_PRESS_6,True,271693.53,no_lever_available,True,"NW05/P01_NW05_PRESS_6: bottleneck persisted from 2028-Q3 into 2028-Q4 (39 prior weeks, 39 current weeks) — escalate lever: no_lever_available"
